"Time";"number of jobs in queue";"successful finished jobs"
"1970-01-01T00:40:00+01:00";null;null
"1970-01-01T00:35:00+01:00";null;null
"1970-01-01T00:30:00+01:00";null;null
"1970-01-01T00:25:00+01:00";null;null
"1970-01-01T00:20:00+01:00";null;null
"1970-01-01T00:15:00+01:00";null;null
"1970-01-01T00:55:00+01:00";null;null
"1970-01-01T00:10:00+01:00";null;null
"1970-01-01T00:05:00+01:00";null;null
"1970-01-01T00:00:00+01:00";null;null
"1970-01-01T00:50:00+01:00";null;null
"1970-01-01T00:45:00+01:00";null;null
"1970-01-01T01:00:00+01:00";1.5;null
"1970-01-02T04:50:00+01:00";3.6666666666666665;8
"1970-01-02T04:55:00+01:00";1.25;14
"1970-01-02T05:00:00+01:00";3.25;14
"1970-01-02T05:05:00+01:00";null;8
"1970-01-02T05:10:00+01:00";2.125;22
"1970-01-02T05:15:00+01:00";null;9
"1970-01-01T03:50:00+01:00";7.5;45
"1970-01-02T05:20:00+01:00";69.33333333333333;4
"1970-01-02T05:25:00+01:00";93.66666666666667;6
"1970-01-02T05:30:00+01:00";100.14285714285714;7
"1970-01-02T05:35:00+01:00";255.14285714285714;105
"1970-01-02T05:40:00+01:00";172.28571428571428;366
"1970-01-02T05:45:00+01:00";3.5;41
"1970-01-02T05:50:00+01:00";2.125;34
"1970-01-02T05:55:00+01:00";12.166666666666666;54
"1970-01-02T06:00:00+01:00";9.666666666666666;53
"1970-01-02T06:05:00+01:00";0.8;23
"1970-01-01T03:55:00+01:00";15.4;12
"1970-01-02T06:10:00+01:00";0.4;7
"1970-01-02T06:15:00+01:00";8.428571428571429;20
"1970-01-02T06:20:00+01:00";null;14
"1970-01-02T06:25:00+01:00";89.66666666666667;9
"1970-01-02T06:30:00+01:00";82.8;17
"1970-01-02T06:35:00+01:00";66.6;15
"1970-01-02T06:40:00+01:00";56.8;28
"1970-01-02T06:45:00+01:00";263.5;10
"1970-01-02T06:50:00+01:00";385.7142857142857;7
"1970-01-02T06:55:00+01:00";438.1666666666667;12
"1970-01-01T04:00:00+01:00";3.75;17
"1970-01-02T07:00:00+01:00";448.54545454545456;66
"1970-01-02T07:05:00+01:00";324.6;238
"1970-01-02T07:10:00+01:00";108.71428571428571;85
"1970-01-02T07:15:00+01:00";80.125;49
"1970-01-02T07:20:00+01:00";19.571428571428573;102
"1970-01-02T07:25:00+01:00";2.5;57
"1970-01-02T07:30:00+01:00";6;67
"1970-01-02T07:35:00+01:00";4.142857142857143;66
"1970-01-02T07:40:00+01:00";null;12
"1970-01-02T07:45:00+01:00";1;23
"1970-01-01T04:05:00+01:00";96.64285714285714;250
"1970-01-02T07:50:00+01:00";7.833333333333333;10
"1970-01-02T07:55:00+01:00";1.2;46
"1970-01-02T08:00:00+01:00";1.4285714285714286;11
"1970-01-02T08:05:00+01:00";1;47
"1970-01-02T08:10:00+01:00";5.2;35
"1970-01-02T08:15:00+01:00";1;29
"1970-01-02T08:20:00+01:00";3.5;25
"1970-01-02T08:25:00+01:00";4.4;8
"1970-01-02T08:30:00+01:00";33.666666666666664;9
"1970-01-02T08:35:00+01:00";11.727272727272727;11
"1970-01-01T04:10:00+01:00";6.125;141
"1970-01-02T08:40:00+01:00";3.75;38
"1970-01-02T08:45:00+01:00";1.75;94
"1970-01-02T08:50:00+01:00";1;11
"1970-01-02T08:55:00+01:00";0.6666666666666666;8
"1970-01-02T09:00:00+01:00";3.25;71
"1970-01-02T09:05:00+01:00";4.8;5
"1970-01-02T09:10:00+01:00";3.5714285714285716;16
"1970-01-02T09:15:00+01:00";null;6
"1970-01-02T09:20:00+01:00";0.5;7
"1970-01-02T09:25:00+01:00";0.5;12
"1970-01-01T04:15:00+01:00";5.8;13
"1970-01-02T09:30:00+01:00";0.75;17
"1970-01-02T09:35:00+01:00";1.3333333333333333;12
"1970-01-02T09:40:00+01:00";11.5;3
"1970-01-02T09:45:00+01:00";24.875;8
"1970-01-02T09:50:00+01:00";null;24
"1970-01-02T09:55:00+01:00";null;11
"1970-01-02T10:00:00+01:00";7;11
"1970-01-02T10:05:00+01:00";1.3333333333333333;9
"1970-01-02T10:10:00+01:00";15.5;19
"1970-01-02T10:15:00+01:00";2;null
"1970-01-01T01:20:00+01:00";1.3333333333333333;47
"1970-01-01T04:20:00+01:00";3.2;2
"1970-01-02T10:20:00+01:00";1;1
"1970-01-02T10:25:00+01:00";0.3333333333333333;8
"1970-01-02T10:30:00+01:00";null;7
"1970-01-02T10:35:00+01:00";1.125;4
"1970-01-02T10:40:00+01:00";38.714285714285715;6
"1970-01-02T10:45:00+01:00";395.5;34
"1970-01-02T10:50:00+01:00";744.5;67
"1970-01-02T10:55:00+01:00";684;51
"1970-01-02T11:00:00+01:00";681.1;10
"1970-01-02T11:05:00+01:00";702.375;7
"1970-01-01T04:25:00+01:00";7.285714285714286;8
"1970-01-02T11:10:00+01:00";732.6666666666666;6
"1970-01-02T11:15:00+01:00";736.8;9
"1970-01-02T11:20:00+01:00";726;13
"1970-01-02T11:25:00+01:00";737;11
"1970-01-02T11:30:00+01:00";750.3333333333334;22
"1970-01-02T11:35:00+01:00";763.4;2
"1970-01-02T11:40:00+01:00";781.5;7
"1970-01-02T11:45:00+01:00";775.6666666666666;6
"1970-01-02T11:50:00+01:00";839.75;2
"1970-01-02T11:55:00+01:00";1113.2666666666667;1
"1970-01-01T04:30:00+01:00";12.285714285714286;29
"1970-01-02T12:00:00+01:00";2413.1666666666665;null
"1970-01-02T12:05:00+01:00";2599.125;2
"1970-01-02T12:10:00+01:00";2650;null
"1970-01-02T12:15:00+01:00";2654.75;3
"1970-01-02T12:20:00+01:00";2672.6666666666665;3
"1970-01-02T12:25:00+01:00";2749.75;3
"1970-01-02T12:30:00+01:00";2824.6666666666665;4
"1970-01-02T12:35:00+01:00";2833.8571428571427;6
"1970-01-02T12:40:00+01:00";2837.4;2
"1970-01-02T12:45:00+01:00";2844.5;1
"1970-01-01T04:35:00+01:00";1.1666666666666667;2
"1970-01-02T12:50:00+01:00";2899.4444444444443;10
"1970-01-02T12:55:00+01:00";3008.6363636363635;17
"1970-01-02T13:00:00+01:00";3061;32
"1970-01-02T13:05:00+01:00";3041.75;22
"1970-01-02T13:10:00+01:00";3085.6923076923076;18
"1970-01-02T13:15:00+01:00";3186.125;10
"1970-01-02T13:20:00+01:00";3196.125;17
"1970-01-02T13:25:00+01:00";3244;37
"1970-01-02T13:30:00+01:00";3254.6666666666665;63
"1970-01-02T13:35:00+01:00";3213;57
"1970-01-01T04:40:00+01:00";null;49
"1970-01-02T13:40:00+01:00";3186.4444444444443;34
"1970-01-02T13:45:00+01:00";3192.25;16
"1970-01-02T13:50:00+01:00";3199.6666666666665;5
"1970-01-02T13:55:00+01:00";3198;6
"1970-01-02T14:00:00+01:00";3193.2;4
"1970-01-02T14:05:00+01:00";3201.4;4
"1970-01-02T14:10:00+01:00";3317.3;6
"1970-01-02T14:15:00+01:00";3493.1111111111113;3
"1970-01-02T14:20:00+01:00";3522.2;1
"1970-01-02T14:25:00+01:00";3671.1428571428573;3
"1970-01-01T04:45:00+01:00";1.5;23
"1970-01-02T14:30:00+01:00";3877.714285714286;6
"1970-01-02T14:35:00+01:00";3876.2;9
"1970-01-02T14:40:00+01:00";3869.1666666666665;12
"1970-01-02T14:45:00+01:00";3879.375;11
"1970-01-02T14:50:00+01:00";3888.4;9
"1970-01-02T14:55:00+01:00";3904.4;6
"1970-01-02T15:00:00+01:00";3910.3333333333335;10
"1970-01-02T15:05:00+01:00";3901.5454545454545;20
"1970-01-02T15:10:00+01:00";3945.8888888888887;25
"1970-01-02T15:15:00+01:00";3953.5454545454545;21
"1970-01-01T04:50:00+01:00";null;23
"1970-01-02T15:20:00+01:00";3981.6666666666665;10
"1970-01-02T15:25:00+01:00";3984.6;15
"1970-01-02T15:30:00+01:00";4139.6;15
"1970-01-02T15:35:00+01:00";4363;27
"1970-01-02T15:40:00+01:00";4348.4;53
"1970-01-02T15:45:00+01:00";4367.285714285715;57
"1970-01-02T15:50:00+01:00";4337.166666666667;43
"1970-01-02T15:55:00+01:00";4291.6;41
"1970-01-02T16:00:00+01:00";4252.5;45
"1970-01-02T16:05:00+01:00";4240.125;24
"1970-01-01T04:55:00+01:00";1.25;44
"1970-01-02T16:10:00+01:00";4333;37
"1970-01-02T16:15:00+01:00";4414;35
"1970-01-02T16:20:00+01:00";4510.5;44
"1970-01-02T16:25:00+01:00";4432.625;185
"1970-01-02T16:30:00+01:00";4214.666666666667;336
"1970-01-02T16:35:00+01:00";3829.5;271
"1970-01-02T16:40:00+01:00";3714.4285714285716;43
"1970-01-02T16:45:00+01:00";3703.3846153846152;18
"1970-01-02T16:50:00+01:00";3819.5;8
"1970-01-02T16:55:00+01:00";3898.5714285714284;27
"1970-01-01T05:00:00+01:00";28.375;13
"1970-01-02T17:00:00+01:00";3978;15
"1970-01-02T17:05:00+01:00";3965.4;12
"1970-01-02T17:10:00+01:00";3955.8571428571427;12
"1970-01-02T17:15:00+01:00";3959.2;20
"1970-01-02T17:20:00+01:00";3952.8571428571427;22
"1970-01-02T17:25:00+01:00";3943.625;13
"1970-01-02T17:30:00+01:00";3956.714285714286;6
"1970-01-02T17:35:00+01:00";4016.3529411764707;6
"1970-01-02T17:40:00+01:00";4191;4
"1970-01-02T17:45:00+01:00";4196.25;2
"1970-01-01T05:05:00+01:00";2.3333333333333335;3
"1970-01-02T17:50:00+01:00";4313.333333333333;4
"1970-01-02T17:55:00+01:00";4339.6;1
"1970-01-02T18:00:00+01:00";4351.888888888889;4
"1970-01-02T18:05:00+01:00";4356.714285714285;2
"1970-01-02T18:10:00+01:00";4358.4;12
"1970-01-02T18:15:00+01:00";4343.4;9
"1970-01-02T18:20:00+01:00";5112.6;9
"1970-01-02T18:25:00+01:00";5193.833333333333;15
"1970-01-02T18:30:00+01:00";5181.5;13
"1970-01-02T18:35:00+01:00";5181.142857142857;4
"1970-01-01T01:25:00+01:00";2.5;21
"1970-01-01T05:10:00+01:00";null;2
"1970-01-02T18:40:00+01:00";5191.375;5
"1970-01-02T18:45:00+01:00";5198.8;6
"1970-01-02T18:50:00+01:00";5200.625;1
"1970-01-02T18:55:00+01:00";5212.8;4
"1970-01-02T19:00:00+01:00";5238.1;7
"1970-01-02T19:05:00+01:00";5275.285714285715;2
"1970-01-02T19:10:00+01:00";5294.25;null
"1970-01-02T19:15:00+01:00";5295;4
"1970-01-02T19:20:00+01:00";5308.222222222223;2
"1970-01-02T19:25:00+01:00";5348.333333333333;5
"1970-01-01T05:15:00+01:00";4.666666666666667;2
"1970-01-02T19:30:00+01:00";5345.4;4
"1970-01-02T19:35:00+01:00";5417.285714285715;4
"1970-01-02T19:40:00+01:00";5578;1
"1970-01-02T19:45:00+01:00";5592;1
"1970-01-02T19:50:00+01:00";5615.333333333333;null
"1970-01-02T19:55:00+01:00";5618.5;1
"1970-01-02T20:00:00+01:00";5622;2
"1970-01-02T20:05:00+01:00";5618.6;4
"1970-01-02T20:10:00+01:00";5616;1
"1970-01-02T20:15:00+01:00";5622;null
"1970-01-01T05:20:00+01:00";11.4;18
"1970-01-02T20:20:00+01:00";5650.6;null
"1970-01-02T20:25:00+01:00";5670;1
"1970-01-02T20:30:00+01:00";5704.285714285715;1
"1970-01-02T20:35:00+01:00";5729.833333333333;2
"1970-01-02T20:40:00+01:00";null;null
"1970-01-02T20:45:00+01:00";5749.333333333333;1
"1970-01-02T20:50:00+01:00";5762.5;4
"1970-01-02T20:55:00+01:00";5766;1
"1970-01-02T21:00:00+01:00";5777.142857142857;3
"1970-01-02T21:05:00+01:00";5787.333333333333;null
"1970-01-01T05:25:00+01:00";2;15
"1970-01-02T21:10:00+01:00";5798.2;3
"1970-01-02T21:15:00+01:00";5805.4;null
"1970-01-02T21:20:00+01:00";5809.5;3
"1970-01-02T21:25:00+01:00";6081.076923076923;2
"1970-01-02T21:30:00+01:00";6432.571428571428;2
"1970-01-02T21:35:00+01:00";6652.142857142857;3
"1970-01-02T21:40:00+01:00";6788;9
"1970-01-02T21:45:00+01:00";6791.875;8
"1970-01-02T21:50:00+01:00";6815.363636363636;7
"1970-01-02T21:55:00+01:00";6826.428571428572;10
"1970-01-01T05:30:00+01:00";3.2;3
"1970-01-02T22:00:00+01:00";6850.25;8
"1970-01-02T22:05:00+01:00";6878.428571428572;11
"1970-01-02T22:10:00+01:00";6867.666666666667;14
"1970-01-02T22:15:00+01:00";6888;4
"1970-01-02T22:20:00+01:00";6929.571428571428;13
"1970-01-02T22:25:00+01:00";6931.25;13
"1970-01-02T22:30:00+01:00";6931.416666666667;10
"1970-01-02T22:35:00+01:00";6988.4;12
"1970-01-02T22:40:00+01:00";7104.777777777777;6
"1970-01-02T22:45:00+01:00";7130.6;2
"1970-01-01T05:35:00+01:00";2.1818181818181817;3
"1970-01-02T22:50:00+01:00";7265.692307692308;13
"1970-01-02T22:55:00+01:00";7354.5;5
"1970-01-02T23:00:00+01:00";7359.666666666667;11
"1970-01-02T23:05:00+01:00";7352.5;5
"1970-01-02T23:10:00+01:00";7345.833333333333;13
"1970-01-02T23:15:00+01:00";7331.857142857143;16
"1970-01-02T23:20:00+01:00";7325.3;5
"1970-01-02T23:25:00+01:00";7320.8;17
"1970-01-02T23:30:00+01:00";7361.857142857143;13
"1970-01-02T23:35:00+01:00";7431.333333333333;4
"1970-01-01T05:40:00+01:00";0.6;2
"1970-01-02T23:40:00+01:00";7441;5
"1970-01-02T23:45:00+01:00";7453.75;6
"1970-01-02T23:50:00+01:00";7450.5;2
"1970-01-02T23:55:00+01:00";7446.2;7
"1970-01-03T00:00:00+01:00";7448.4;7
"1970-01-03T00:05:00+01:00";7451.285714285715;3
"1970-01-03T00:10:00+01:00";7449.8;8
"1970-01-03T00:15:00+01:00";7439.666666666667;10
"1970-01-03T00:20:00+01:00";7446.166666666667;3
"1970-01-03T00:25:00+01:00";7443;11
"1970-01-01T05:45:00+01:00";2;2
"1970-01-03T00:30:00+01:00";7434.25;13
"1970-01-03T00:35:00+01:00";7424;7
"1970-01-03T00:40:00+01:00";7427.2;3
"1970-01-03T00:45:00+01:00";7426.285714285715;5
"1970-01-03T00:50:00+01:00";7433;7
"1970-01-03T00:55:00+01:00";7430.727272727273;7
"1970-01-03T01:00:00+01:00";7429.666666666667;7
"1970-01-03T01:05:00+01:00";7534.555555555556;4
"1970-01-03T01:10:00+01:00";7619.428571428572;5
"1970-01-03T01:15:00+01:00";7662.818181818182;3
"1970-01-01T05:50:00+01:00";1.6;5
"1970-01-03T01:20:00+01:00";7741.8;3
"1970-01-03T01:25:00+01:00";7748.5;2
"1970-01-03T01:30:00+01:00";7748.5;2
"1970-01-03T01:35:00+01:00";7749.5;3
"1970-01-03T01:40:00+01:00";7760.166666666667;4
"1970-01-03T01:45:00+01:00";7777;4
"1970-01-03T01:50:00+01:00";7805.666666666667;4
"1970-01-03T01:55:00+01:00";7843.25;null
"1970-01-03T02:00:00+01:00";7860.571428571428;1
"1970-01-03T02:05:00+01:00";7874.5;4
"1970-01-01T05:55:00+01:00";4.571428571428571;7
"1970-01-03T02:10:00+01:00";7903;3
"1970-01-03T02:15:00+01:00";7944;2
"1970-01-03T02:20:00+01:00";8235.545454545454;2
"1970-01-03T02:25:00+01:00";8770.833333333334;2
"1970-01-03T02:30:00+01:00";8778.5;1
"1970-01-03T02:35:00+01:00";8776.2;2
"1970-01-03T02:40:00+01:00";8795.833333333334;3
"1970-01-03T02:45:00+01:00";8807;1
"1970-01-03T02:50:00+01:00";8832.833333333334;1
"1970-01-03T02:55:00+01:00";8855;2
"1970-01-01T01:30:00+01:00";0.3333333333333333;11
"1970-01-01T06:00:00+01:00";1;6
"1970-01-03T03:00:00+01:00";8867;3
"1970-01-03T03:05:00+01:00";8872.2;null
"1970-01-03T03:10:00+01:00";8870;4
"1970-01-03T03:15:00+01:00";8867.5;3
"1970-01-03T03:20:00+01:00";8866.5;5
"1970-01-03T03:25:00+01:00";8867;1
"1970-01-03T03:30:00+01:00";8874.5;4
"1970-01-03T03:35:00+01:00";8909.42857142857;1
"1970-01-03T03:40:00+01:00";8940;1
"1970-01-03T03:45:00+01:00";9087.5;4
"1970-01-01T06:05:00+01:00";6.142857142857143;9
"1970-01-03T03:50:00+01:00";9088;2
"1970-01-03T03:55:00+01:00";9088.75;5
"1970-01-03T04:00:00+01:00";9087.166666666666;2
"1970-01-03T04:05:00+01:00";9097.75;null
"1970-01-03T04:10:00+01:00";9108.5;3
"1970-01-03T04:15:00+01:00";9134.333333333334;2
"1970-01-03T04:20:00+01:00";9141.166666666666;3
"1970-01-03T04:25:00+01:00";9159.444444444445;1
"1970-01-03T04:30:00+01:00";9170.25;5
"1970-01-03T04:35:00+01:00";9172.5;4
"1970-01-01T06:10:00+01:00";117.8;36
"1970-01-03T04:40:00+01:00";9192.5;4
"1970-01-03T04:45:00+01:00";9202.833333333334;1
"1970-01-03T04:50:00+01:00";9264.25;1
"1970-01-03T04:55:00+01:00";9417.333333333334;1
"1970-01-03T05:00:00+01:00";9458.125;3
"1970-01-03T05:05:00+01:00";9498.2;4
"1970-01-03T05:10:00+01:00";9530.111111111111;4
"1970-01-03T05:15:00+01:00";9561.888888888889;8
"1970-01-03T05:20:00+01:00";9608.888888888889;8
"1970-01-03T05:25:00+01:00";9619;null
"1970-01-01T06:15:00+01:00";214.4;73
"1970-01-03T05:30:00+01:00";9655.533333333333;5
"1970-01-03T05:35:00+01:00";9692.75;3
"1970-01-03T05:40:00+01:00";9703.4;6
"1970-01-03T05:45:00+01:00";9700.666666666666;3
"1970-01-03T05:50:00+01:00";9703.6;4
"1970-01-03T05:55:00+01:00";9711.4;3
"1970-01-03T06:00:00+01:00";9714.125;4
"1970-01-03T06:05:00+01:00";9727.833333333334;2
"1970-01-03T06:10:00+01:00";9734.5;2
"1970-01-03T06:15:00+01:00";9757.333333333334;4
"1970-01-01T06:20:00+01:00";131.57142857142858;119
"1970-01-03T06:20:00+01:00";9779.333333333334;null
"1970-01-03T06:25:00+01:00";9788.142857142857;6
"1970-01-03T06:30:00+01:00";9798.5;4
"1970-01-03T06:35:00+01:00";9803.75;7
"1970-01-03T06:40:00+01:00";9799.4;8
"1970-01-03T06:45:00+01:00";9791.111111111111;17
"1970-01-03T06:50:00+01:00";9788.1;7
"1970-01-03T06:55:00+01:00";9815.125;13
"1970-01-03T07:00:00+01:00";9892.416666666666;10
"1970-01-03T07:05:00+01:00";10059;15
"1970-01-01T06:25:00+01:00";37.111111111111114;142
"1970-01-03T07:10:00+01:00";10160.666666666666;23
"1970-01-03T07:15:00+01:00";10219.333333333334;16
"1970-01-03T07:20:00+01:00";10215.833333333334;24
"1970-01-03T07:25:00+01:00";10213.666666666666;34
"1970-01-03T07:30:00+01:00";10181;30
"1970-01-03T07:35:00+01:00";10150;47
"1970-01-03T07:40:00+01:00";10104;39
"1970-01-03T07:45:00+01:00";10072.6;26
"1970-01-03T07:50:00+01:00";10035.2;68
"1970-01-03T07:55:00+01:00";9918;146
"1970-01-01T06:30:00+01:00";4.8;38
"1970-01-03T08:00:00+01:00";9857.90909090909;116
"1970-01-03T08:05:00+01:00";9767.42857142857;86
"1970-01-03T08:10:00+01:00";9712;18
"1970-01-03T08:15:00+01:00";9701.857142857143;25
"1970-01-03T08:20:00+01:00";9868.461538461539;18
"1970-01-03T08:25:00+01:00";9993.5;27
"1970-01-03T08:30:00+01:00";9992.222222222223;26
"1970-01-03T08:35:00+01:00";10026.142857142857;22
"1970-01-03T08:40:00+01:00";10134.888888888889;20
"1970-01-03T08:45:00+01:00";10168.714285714286;29
"1970-01-01T06:35:00+01:00";3.5555555555555554;13
"1970-01-03T08:50:00+01:00";10180.1;18
"1970-01-03T08:55:00+01:00";10243.8;101
"1970-01-03T09:00:00+01:00";10110.818181818182;195
"1970-01-03T09:05:00+01:00";9973.8;69
"1970-01-03T09:10:00+01:00";9890.5;132
"1970-01-03T09:15:00+01:00";9732.857142857143;196
"1970-01-03T09:20:00+01:00";9559.25;102
"1970-01-03T09:25:00+01:00";9523.75;26
"1970-01-03T09:30:00+01:00";9505.857142857143;24
"1970-01-03T09:35:00+01:00";9502.875;17
"1970-01-01T06:40:00+01:00";68.5;59
"1970-01-03T09:40:00+01:00";9490.666666666666;35
"1970-01-03T09:45:00+01:00";9467.285714285714;50
"1970-01-03T09:50:00+01:00";9438.5;23
"1970-01-03T09:55:00+01:00";9423.555555555555;38
"1970-01-03T10:00:00+01:00";9413.4;39
"1970-01-03T10:05:00+01:00";9381;41
"1970-01-03T10:10:00+01:00";9321.57142857143;80
"1970-01-03T10:15:00+01:00";9325;38
"1970-01-03T10:20:00+01:00";9352;50
"1970-01-03T10:25:00+01:00";9316.5;73
"1970-01-01T06:45:00+01:00";11.5;51
"1970-01-03T10:30:00+01:00";9247;43
"1970-01-03T10:35:00+01:00";9193.222222222223;87
"1970-01-03T10:40:00+01:00";9152.857142857143;34
"1970-01-03T10:45:00+01:00";9132.166666666666;26
"1970-01-03T10:50:00+01:00";9127.833333333334;108
"1970-01-03T10:55:00+01:00";9097.7;153
"1970-01-03T11:00:00+01:00";8982.57142857143;157
"1970-01-03T11:05:00+01:00";8859.8;78
"1970-01-03T11:10:00+01:00";8784;92
"1970-01-03T11:15:00+01:00";8707;51
"1970-01-01T01:35:00+01:00";null;6
"1970-01-01T06:50:00+01:00";1;59
"1970-01-03T11:20:00+01:00";8673.6;59
"1970-01-03T11:25:00+01:00";8609;50
"1970-01-03T11:30:00+01:00";8561.142857142857;59
"1970-01-03T11:35:00+01:00";8515.57142857143;76
"1970-01-03T11:40:00+01:00";8425.375;105
"1970-01-03T11:45:00+01:00";8325.777777777777;136
"1970-01-03T11:50:00+01:00";8234.285714285714;56
"1970-01-03T11:55:00+01:00";8144.285714285715;130
"1970-01-03T12:00:00+01:00";8057.625;78
"1970-01-03T12:05:00+01:00";7998.2;32
"1970-01-01T06:55:00+01:00";10.5;89
"1970-01-03T12:10:00+01:00";7946.25;73
"1970-01-03T12:15:00+01:00";7915.2;51
"1970-01-03T12:20:00+01:00";7887.909090909091;85
"1970-01-03T12:25:00+01:00";7863.571428571428;74
"1970-01-03T12:30:00+01:00";7795.4;73
"1970-01-03T12:35:00+01:00";7710.428571428572;85
"1970-01-03T12:40:00+01:00";7652.857142857143;62
"1970-01-03T12:45:00+01:00";7581.5;73
"1970-01-03T12:50:00+01:00";7524.571428571428;68
"1970-01-03T12:55:00+01:00";7456.571428571428;84
"1970-01-01T07:00:00+01:00";2.5;11
"1970-01-03T13:00:00+01:00";7397.857142857143;57
"1970-01-03T13:05:00+01:00";7311.285714285715;105
"1970-01-03T13:10:00+01:00";7242.428571428572;109
"1970-01-03T13:15:00+01:00";7303.777777777777;171
"1970-01-03T13:20:00+01:00";7124.166666666667;191
"1970-01-03T13:25:00+01:00";6999.5;41
"1970-01-03T13:30:00+01:00";6983.538461538462;61
"1970-01-03T13:35:00+01:00";6941;209
"1970-01-03T13:40:00+01:00";6680.333333333333;301
"1970-01-03T13:45:00+01:00";6432.2;189
"1970-01-01T07:05:00+01:00";3;7
"1970-01-03T13:50:00+01:00";6359;66
"1970-01-03T13:55:00+01:00";6282.9;119
"1970-01-03T14:00:00+01:00";6191.3;95
"1970-01-03T14:05:00+01:00";6120.6;94
"1970-01-03T14:10:00+01:00";6020.428571428572;98
"1970-01-03T14:15:00+01:00";5931;116
"1970-01-03T14:20:00+01:00";5825.428571428572;135
"1970-01-03T14:25:00+01:00";5752.375;70
"1970-01-03T14:30:00+01:00";5654.375;122
"1970-01-03T14:35:00+01:00";5557.333333333333;84
"1970-01-01T07:10:00+01:00";15.333333333333334;9
"1970-01-03T14:40:00+01:00";5523.2;19
"1970-01-03T14:45:00+01:00";5516.4;19
"1970-01-03T14:50:00+01:00";5532.888888888889;20
"1970-01-03T14:55:00+01:00";5519;18
"1970-01-03T15:00:00+01:00";5514.777777777777;7
"1970-01-03T15:05:00+01:00";5547.5;2
"1970-01-03T15:10:00+01:00";5536.428571428572;24
"1970-01-03T15:15:00+01:00";5537.857142857143;8
"1970-01-03T15:20:00+01:00";5679.588235294118;11
"1970-01-03T15:25:00+01:00";5939.666666666667;16
"1970-01-01T07:15:00+01:00";2.75;15
"1970-01-03T15:30:00+01:00";5983.285714285715;25
"1970-01-03T15:35:00+01:00";6026;15
"1970-01-03T15:40:00+01:00";6020.777777777777;20
"1970-01-03T15:45:00+01:00";6024.3;9
"1970-01-03T15:50:00+01:00";6016.4;20
"1970-01-03T15:55:00+01:00";6011.125;19
"1970-01-03T16:00:00+01:00";6012.857142857143;25
"1970-01-03T16:05:00+01:00";6072.25;8
"1970-01-03T16:10:00+01:00";6170.375;7
"1970-01-03T16:15:00+01:00";6167.5;6
"1970-01-01T07:20:00+01:00";0.75;8
"1970-01-03T16:20:00+01:00";6161.142857142857;5
"1970-01-03T16:25:00+01:00";6163;5
"1970-01-03T16:30:00+01:00";6161.5;5
"1970-01-03T16:35:00+01:00";6158.333333333333;8
"1970-01-03T16:40:00+01:00";6148.666666666667;10
"1970-01-03T16:45:00+01:00";6174.090909090909;12
"1970-01-03T16:50:00+01:00";6315.166666666667;5
"1970-01-03T16:55:00+01:00";6341.833333333333;1
"1970-01-03T17:00:00+01:00";6343.5;4
"1970-01-03T17:05:00+01:00";6341;9
"1970-01-01T07:25:00+01:00";4.111111111111111;43
"1970-01-03T17:10:00+01:00";6342.428571428572;8
"1970-01-03T17:15:00+01:00";6342.166666666667;7
"1970-01-03T17:20:00+01:00";6376.875;4
"1970-01-03T17:25:00+01:00";6392.555555555556;5
"1970-01-03T17:30:00+01:00";6465.4;null
"1970-01-03T17:35:00+01:00";6591;1
"1970-01-03T17:40:00+01:00";6591.5;4
"1970-01-03T17:45:00+01:00";6587.666666666667;5
"1970-01-03T17:50:00+01:00";6586.6;2
"1970-01-03T17:55:00+01:00";6591.75;4
"1970-01-01T07:30:00+01:00";9.714285714285714;14
"1970-01-03T18:00:00+01:00";6591.375;11
"1970-01-03T18:05:00+01:00";6593;22
"1970-01-03T18:10:00+01:00";6756.833333333333;31
"1970-01-03T18:15:00+01:00";6766.375;30
"1970-01-03T18:20:00+01:00";6755.2;23
"1970-01-03T18:25:00+01:00";6750.6;20
"1970-01-03T18:30:00+01:00";6733.666666666667;23
"1970-01-03T18:35:00+01:00";6704.2;26
"1970-01-03T18:40:00+01:00";6687.2;8
"1970-01-03T18:45:00+01:00";6683.5;18
"1970-01-01T07:35:00+01:00";3;14
"1970-01-03T18:50:00+01:00";6825.090909090909;35
"1970-01-03T18:55:00+01:00";6931.333333333333;25
"1970-01-03T19:00:00+01:00";6942;24
"1970-01-03T19:05:00+01:00";6935.7;35
"1970-01-03T19:10:00+01:00";6937.142857142857;26
"1970-01-03T19:15:00+01:00";6910.714285714285;43
"1970-01-03T19:20:00+01:00";6884.75;82
"1970-01-03T19:25:00+01:00";6817;172
"1970-01-03T19:30:00+01:00";6685.714285714285;231
"1970-01-03T19:35:00+01:00";6464.75;265
"1970-01-01T01:40:00+01:00";2;3
"1970-01-01T07:40:00+01:00";0.4;25
"1970-01-03T19:40:00+01:00";6257.8;147
"1970-01-03T19:45:00+01:00";6225.142857142857;14
"1970-01-03T19:50:00+01:00";6222.833333333333;8
"1970-01-03T19:55:00+01:00";6220.166666666667;18
"1970-01-03T20:00:00+01:00";6203.625;27
"1970-01-03T20:05:00+01:00";6193.7;47
"1970-01-03T20:10:00+01:00";6231.625;25
"1970-01-03T20:15:00+01:00";6240;32
"1970-01-03T20:20:00+01:00";6221.2;37
"1970-01-03T20:25:00+01:00";6176;51
"1970-01-01T07:45:00+01:00";6;41
"1970-01-03T20:30:00+01:00";6151.555555555556;22
"1970-01-03T20:35:00+01:00";6148.857142857143;17
"1970-01-03T20:40:00+01:00";6139;16
"1970-01-03T20:45:00+01:00";6142.3;10
"1970-01-03T20:50:00+01:00";6185;20
"1970-01-03T20:55:00+01:00";6394.25;35
"1970-01-03T21:00:00+01:00";6428.857142857143;15
"1970-01-03T21:05:00+01:00";6436.428571428572;31
"1970-01-03T21:10:00+01:00";6376;98
"1970-01-03T21:15:00+01:00";6316.818181818182;141
"1970-01-01T07:50:00+01:00";0;4
"1970-01-03T21:20:00+01:00";6367.142857142857;38
"1970-01-03T21:25:00+01:00";6375.111111111111;54
"1970-01-03T21:30:00+01:00";6382.1;22
"1970-01-03T21:35:00+01:00";6386.142857142857;15
"1970-01-03T21:40:00+01:00";6373.666666666667;35
"1970-01-03T21:45:00+01:00";6341.3;40
"1970-01-03T21:50:00+01:00";6334.375;35
"1970-01-03T21:55:00+01:00";6298;32
"1970-01-03T22:00:00+01:00";6270.75;60
"1970-01-03T22:05:00+01:00";6237.444444444444;94
"1970-01-01T07:55:00+01:00";2.2;4
"1970-01-03T22:10:00+01:00";6195.142857142857;72
"1970-01-03T22:15:00+01:00";6204.818181818182;37
"1970-01-03T22:20:00+01:00";6183.833333333333;21
"1970-01-03T22:25:00+01:00";6161.222222222223;34
"1970-01-03T22:30:00+01:00";6270.2307692307695;41
"1970-01-03T22:35:00+01:00";6358.375;57
"1970-01-03T22:40:00+01:00";6297;75
"1970-01-03T22:45:00+01:00";6219.833333333333;127
"1970-01-03T22:50:00+01:00";6143.4;49
"1970-01-03T22:55:00+01:00";6092.2;130
"1970-01-01T08:00:00+01:00";1.8333333333333333;1
"1970-01-03T23:00:00+01:00";5952.75;160
"1970-01-03T23:05:00+01:00";5900.375;215
"1970-01-03T23:10:00+01:00";5795.555555555556;110
"1970-01-03T23:15:00+01:00";5748.571428571428;22
"1970-01-03T23:20:00+01:00";5725.6;49
"1970-01-03T23:25:00+01:00";5637.3;101
"1970-01-03T23:30:00+01:00";5584.142857142857;45
"1970-01-03T23:35:00+01:00";5560.2;40
"1970-01-03T23:40:00+01:00";5545.125;36
"1970-01-03T23:45:00+01:00";5540.571428571428;22
"1970-01-01T08:05:00+01:00";42.5;4
"1970-01-03T23:50:00+01:00";5515.666666666667;83
"1970-01-03T23:55:00+01:00";5452;25
"1970-01-04T00:00:00+01:00";5449.714285714285;26
"1970-01-04T00:05:00+01:00";5447.692307692308;60
"1970-01-04T00:10:00+01:00";5381;76
"1970-01-04T00:15:00+01:00";5341;9
"1970-01-04T00:20:00+01:00";5336.111111111111;24
"1970-01-04T00:25:00+01:00";5319;13
"1970-01-04T00:30:00+01:00";5315.3;18
"1970-01-04T00:35:00+01:00";5314.8;32
"1970-01-01T08:10:00+01:00";55.5;6
"1970-01-04T00:40:00+01:00";5367.5;21
"1970-01-04T00:45:00+01:00";5372.428571428572;22
"1970-01-04T00:50:00+01:00";5365.75;40
"1970-01-04T00:55:00+01:00";5342.2;23
"1970-01-04T01:00:00+01:00";5308.666666666667;75
"1970-01-04T01:05:00+01:00";5251.5;20
"1970-01-04T01:10:00+01:00";5247.857142857143;19
"1970-01-04T01:15:00+01:00";5234.666666666667;40
"1970-01-04T01:20:00+01:00";5204;18
"1970-01-04T01:25:00+01:00";5197.285714285715;7
"1970-01-01T08:15:00+01:00";54.2;6
"1970-01-04T01:30:00+01:00";5204.714285714285;13
"1970-01-04T01:35:00+01:00";5209.888888888889;7
"1970-01-04T01:40:00+01:00";5241.833333333333;1
"1970-01-04T01:45:00+01:00";5254;9
"1970-01-04T01:50:00+01:00";5250.2;14
"1970-01-04T01:55:00+01:00";5258.125;8
"1970-01-04T02:00:00+01:00";5249.833333333333;5
"1970-01-04T02:05:00+01:00";5249;2
"1970-01-04T02:10:00+01:00";5247.5;1
"1970-01-04T02:15:00+01:00";5249.666666666667;6
"1970-01-01T08:20:00+01:00";66.5;5
"1970-01-04T02:20:00+01:00";5247;2
"1970-01-04T02:25:00+01:00";5245;5
"1970-01-04T02:30:00+01:00";5243.8;6
"1970-01-04T02:35:00+01:00";5265.384615384615;16
"1970-01-04T02:40:00+01:00";5419.384615384615;18
"1970-01-04T02:45:00+01:00";5420;15
"1970-01-04T02:50:00+01:00";5476.333333333333;25
"1970-01-04T02:55:00+01:00";5496.4;48
"1970-01-04T03:00:00+01:00";5448.444444444444;79
"1970-01-04T03:05:00+01:00";5345.857142857143;144
"1970-01-01T08:25:00+01:00";65;9
"1970-01-04T03:10:00+01:00";5214.888888888889;89
"1970-01-04T03:15:00+01:00";5182;46
"1970-01-04T03:20:00+01:00";5139;47
"1970-01-04T03:25:00+01:00";5076.8;92
"1970-01-04T03:30:00+01:00";5037;44
"1970-01-04T03:35:00+01:00";5082.1;31
"1970-01-04T03:40:00+01:00";5030.333333333333;151
"1970-01-04T03:45:00+01:00";4822.714285714285;269
"1970-01-04T03:50:00+01:00";4616.428571428572;65
"1970-01-04T03:55:00+01:00";4594.75;74
"1970-01-01T01:45:00+01:00";20.142857142857142;1
"1970-01-01T08:30:00+01:00";63;19
"1970-01-04T04:00:00+01:00";4531.833333333333;48
"1970-01-04T04:05:00+01:00";4485.2;54
"1970-01-04T04:10:00+01:00";4466.7692307692305;79
"1970-01-04T04:15:00+01:00";4405.5;122
"1970-01-04T04:20:00+01:00";4317.5;76
"1970-01-04T04:25:00+01:00";4210.8;183
"1970-01-04T04:30:00+01:00";4033.4;153
"1970-01-04T04:35:00+01:00";3861.3333333333335;140
"1970-01-04T04:40:00+01:00";3774.4285714285716;115
"1970-01-04T04:45:00+01:00";3687.5454545454545;102
"1970-01-01T08:35:00+01:00";57.42857142857143;23
"1970-01-04T04:50:00+01:00";3723.8888888888887;112
"1970-01-04T04:55:00+01:00";3625.5;142
"1970-01-04T05:00:00+01:00";3482.1666666666665;131
"1970-01-04T05:05:00+01:00";3421;19
"1970-01-04T05:10:00+01:00";3416.3333333333335;4
"1970-01-04T05:15:00+01:00";3436.7272727272725;15
"1970-01-04T05:20:00+01:00";3451.75;13
"1970-01-04T05:25:00+01:00";3474.5454545454545;48
"1970-01-04T05:30:00+01:00";3442.714285714286;35
"1970-01-04T05:35:00+01:00";3491.923076923077;25
"1970-01-01T08:40:00+01:00";40.888888888888886;30
"1970-01-04T05:40:00+01:00";3506.1;74
"1970-01-04T05:45:00+01:00";3452.5833333333335;78
"1970-01-04T05:50:00+01:00";3388.3333333333335;40
"1970-01-04T05:55:00+01:00";3364.8571428571427;34
"1970-01-04T06:00:00+01:00";3336.5;20
"1970-01-04T06:05:00+01:00";3403.625;37
"1970-01-04T06:10:00+01:00";3395.5;31
"1970-01-04T06:15:00+01:00";3368.285714285714;24
"1970-01-04T06:20:00+01:00";3366.625;9
"1970-01-04T06:25:00+01:00";3366.285714285714;20
"1970-01-01T08:45:00+01:00";91.81818181818181;27
"1970-01-04T06:30:00+01:00";3348.625;44
"1970-01-04T06:35:00+01:00";3319.625;48
"1970-01-04T06:40:00+01:00";3310.6666666666665;64
"1970-01-04T06:45:00+01:00";3259.5;57
"1970-01-04T06:50:00+01:00";3213.5;56
"1970-01-04T06:55:00+01:00";3188.153846153846;51
"1970-01-04T07:00:00+01:00";3170.2;46
"1970-01-04T07:05:00+01:00";3140;19
"1970-01-04T07:10:00+01:00";3233.714285714286;15
"1970-01-04T07:15:00+01:00";3323.6666666666665;4
"1970-01-01T08:50:00+01:00";108.81818181818181;32
"1970-01-04T07:20:00+01:00";3331;4
"1970-01-04T07:25:00+01:00";3326.75;8
"1970-01-04T07:30:00+01:00";3338.1428571428573;2
"1970-01-04T07:35:00+01:00";3407.777777777778;4
"1970-01-04T07:40:00+01:00";3432.4;6
"1970-01-04T07:45:00+01:00";3429.1666666666665;12
"1970-01-04T07:50:00+01:00";3434.6363636363635;15
"1970-01-04T07:55:00+01:00";3433.8571428571427;25
"1970-01-04T08:00:00+01:00";3409.875;27
"1970-01-04T08:05:00+01:00";3399;33
"1970-01-01T08:55:00+01:00";115.55555555555556;13
"1970-01-04T08:10:00+01:00";3370.4285714285716;48
"1970-01-04T08:15:00+01:00";3317.8333333333335;48
"1970-01-04T08:20:00+01:00";3280.8571428571427;33
"1970-01-04T08:25:00+01:00";3265.8571428571427;27
"1970-01-04T08:30:00+01:00";3241;33
"1970-01-04T08:35:00+01:00";3222.1666666666665;32
"1970-01-04T08:40:00+01:00";3180.375;54
"1970-01-04T08:45:00+01:00";3139.4285714285716;42
"1970-01-04T08:50:00+01:00";3121.6666666666665;41
"1970-01-04T08:55:00+01:00";3085.8888888888887;45
"1970-01-01T09:00:00+01:00";110;18
"1970-01-04T09:00:00+01:00";3079.7;83
"1970-01-04T09:05:00+01:00";3030.6363636363635;171
"1970-01-04T09:10:00+01:00";2882;153
"1970-01-04T09:15:00+01:00";2855.5;71
"1970-01-04T09:20:00+01:00";2873.866666666667;92
"1970-01-04T09:25:00+01:00";3026.3333333333335;89
"1970-01-04T09:30:00+01:00";2948.375;65
"1970-01-04T09:35:00+01:00";2929.3;32
"1970-01-04T09:40:00+01:00";2957;15
"1970-01-04T09:45:00+01:00";2939.8571428571427;39
"1970-01-01T09:05:00+01:00";138.9090909090909;12
"1970-01-04T09:50:00+01:00";2906.5714285714284;23
"1970-01-04T09:55:00+01:00";2880.6;32
"1970-01-04T10:00:00+01:00";2869.5;5
"1970-01-04T10:05:00+01:00";2928.090909090909;4
"1970-01-04T10:10:00+01:00";2963.1;6
"1970-01-04T10:15:00+01:00";2971.875;35
"1970-01-04T10:20:00+01:00";2964.714285714286;13
"1970-01-04T10:25:00+01:00";2964.375;58
"1970-01-04T10:30:00+01:00";2966.5714285714284;23
"1970-01-04T10:35:00+01:00";2943.4;28
"1970-01-01T09:10:00+01:00";169.85714285714286;9
"1970-01-04T10:40:00+01:00";2925.4;13
"1970-01-04T10:45:00+01:00";2918.25;18
"1970-01-04T10:50:00+01:00";2906.5;21
"1970-01-04T10:55:00+01:00";2899.4285714285716;14
"1970-01-04T11:00:00+01:00";2899.75;14
"1970-01-04T11:05:00+01:00";2921.25;13
"1970-01-04T11:10:00+01:00";2898.2;19
"1970-01-04T11:15:00+01:00";2894.1428571428573;17
"1970-01-04T11:20:00+01:00";2888.8571428571427;15
"1970-01-04T11:25:00+01:00";2878;6
"1970-01-01T09:15:00+01:00";226.8;14
"1970-01-04T11:30:00+01:00";2928.8;null
"1970-01-04T11:35:00+01:00";3054;null
"1970-01-04T11:40:00+01:00";3102.25;2
"1970-01-04T11:45:00+01:00";3133.5;1
"1970-01-04T11:50:00+01:00";3162.6666666666665;5
"1970-01-04T11:55:00+01:00";3168.5;7
"1970-01-04T12:00:00+01:00";3199.0833333333335;6
"1970-01-04T12:05:00+01:00";3225.8;13
"1970-01-04T12:10:00+01:00";3212;15
"1970-01-04T12:15:00+01:00";3199.6666666666665;10
"1970-01-01T01:05:00+01:00";5.285714285714286;null
"1970-01-01T01:50:00+01:00";1.6;62
"1970-01-01T09:20:00+01:00";222.33333333333334;11
"1970-01-04T12:20:00+01:00";3202.8;16
"1970-01-04T12:25:00+01:00";3213.5714285714284;21
"1970-01-04T12:30:00+01:00";3206.5;25
"1970-01-04T12:35:00+01:00";3185.2;29
"1970-01-04T12:40:00+01:00";3162.222222222222;37
"1970-01-04T12:45:00+01:00";3216.5;36
"1970-01-04T12:50:00+01:00";3260.75;40
"1970-01-04T12:55:00+01:00";3228.75;61
"1970-01-04T13:00:00+01:00";3161.125;72
"1970-01-04T13:05:00+01:00";3094.5555555555557;83
"1970-01-01T09:25:00+01:00";232.25;9
"1970-01-04T13:10:00+01:00";3154.8571428571427;24
"1970-01-04T13:15:00+01:00";3666.9;11
"1970-01-04T13:20:00+01:00";3734;10
"1970-01-04T13:25:00+01:00";3786.9166666666665;6
"1970-01-04T13:30:00+01:00";3817.3333333333335;5
"1970-01-04T13:35:00+01:00";3833.75;4
"1970-01-04T13:40:00+01:00";3975.3333333333335;12
"1970-01-04T13:45:00+01:00";4015;28
"1970-01-04T13:50:00+01:00";3992.5;68
"1970-01-04T13:55:00+01:00";3928.4285714285716;69
"1970-01-01T09:30:00+01:00";233;5
"1970-01-04T14:00:00+01:00";3883;54
"1970-01-04T14:05:00+01:00";3841.5;52
"1970-01-04T14:10:00+01:00";3817.4285714285716;18
"1970-01-04T14:15:00+01:00";3807;36
"1970-01-04T14:20:00+01:00";3779.4;32
"1970-01-04T14:25:00+01:00";3754.818181818182;43
"1970-01-04T14:30:00+01:00";3729.714285714286;47
"1970-01-04T14:35:00+01:00";3671.714285714286;85
"1970-01-04T14:40:00+01:00";3593.8333333333335;50
"1970-01-04T14:45:00+01:00";3643;23
"1970-01-01T09:35:00+01:00";234.8;5
"1970-01-04T14:50:00+01:00";3648.8888888888887;51
"1970-01-04T14:55:00+01:00";3624.125;55
"1970-01-04T15:00:00+01:00";3591.4545454545455;59
"1970-01-04T15:05:00+01:00";3582.777777777778;38
"1970-01-04T15:10:00+01:00";3555;23
"1970-01-04T15:15:00+01:00";3541.5;42
"1970-01-04T15:20:00+01:00";3493.6;63
"1970-01-04T15:25:00+01:00";3423.8;78
"1970-01-04T15:30:00+01:00";3347;94
"1970-01-04T15:35:00+01:00";3281.8;14
"1970-01-01T09:40:00+01:00";247.2;null
"1970-01-04T15:40:00+01:00";3993.2727272727275;15
"1970-01-04T15:45:00+01:00";4067.875;38
"1970-01-04T15:50:00+01:00";4069.6666666666665;19
"1970-01-04T15:55:00+01:00";4066.4285714285716;8
"1970-01-04T16:00:00+01:00";4063;17
"1970-01-04T16:05:00+01:00";4426.5;22
"1970-01-04T16:10:00+01:00";4926.3;46
"1970-01-04T16:15:00+01:00";5081.6;25
"1970-01-04T16:20:00+01:00";5073.444444444444;29
"1970-01-04T16:25:00+01:00";5071.111111111111;20
"1970-01-01T09:45:00+01:00";294.5;2
"1970-01-04T16:30:00+01:00";5063.833333333333;10
"1970-01-04T16:35:00+01:00";5055.888888888889;11
"1970-01-04T16:40:00+01:00";5061.375;14
"1970-01-04T16:45:00+01:00";5047.5;45
"1970-01-04T16:50:00+01:00";5105.0625;39
"1970-01-04T16:55:00+01:00";5193.428571428572;16
"1970-01-04T17:00:00+01:00";5169.571428571428;32
"1970-01-04T17:05:00+01:00";5192.4;68
"1970-01-04T17:10:00+01:00";5324.076923076923;268
"1970-01-04T17:15:00+01:00";5180.7692307692305;171
"1970-01-01T09:50:00+01:00";602.1666666666666;2
"1970-01-04T17:20:00+01:00";5120.4;42
"1970-01-04T17:25:00+01:00";5119;23
"1970-01-04T17:30:00+01:00";5235;46
"1970-01-04T17:35:00+01:00";5366;8
"1970-01-04T17:40:00+01:00";5387.307692307692;20
"1970-01-04T17:45:00+01:00";5381.6;16
"1970-01-04T17:50:00+01:00";5392.615384615385;52
"1970-01-04T17:55:00+01:00";5383;13
"1970-01-04T18:00:00+01:00";5376.833333333333;25
"1970-01-04T18:05:00+01:00";5367.285714285715;15
"1970-01-01T09:55:00+01:00";671.8333333333334;3
"1970-01-04T18:10:00+01:00";5358;11
"1970-01-04T18:15:00+01:00";5346;41
"1970-01-04T18:20:00+01:00";5331;9
"1970-01-04T18:25:00+01:00";5347.1;43
"1970-01-04T18:30:00+01:00";5396.6;34
"1970-01-04T18:35:00+01:00";5376.1;24
"1970-01-04T18:40:00+01:00";5533.875;9
"1970-01-04T18:45:00+01:00";5559;7
"1970-01-04T18:50:00+01:00";5582.25;13
"1970-01-04T18:55:00+01:00";5587.555555555556;11
"1970-01-01T10:00:00+01:00";672.4285714285714;15
"1970-01-04T19:00:00+01:00";5591.5;4
"1970-01-04T19:05:00+01:00";5618.1;2
"1970-01-04T19:10:00+01:00";5630.5;5
"1970-01-04T19:15:00+01:00";5634;6
"1970-01-04T19:20:00+01:00";5643.375;11
"1970-01-04T19:25:00+01:00";5648.818181818182;17
"1970-01-04T19:30:00+01:00";5749.3;19
"1970-01-04T19:35:00+01:00";5742;24
"1970-01-04T19:40:00+01:00";5730;7
"1970-01-04T19:45:00+01:00";5728;14
"1970-01-01T10:05:00+01:00";760.7142857142857;10
"1970-01-04T19:50:00+01:00";5715.8;19
"1970-01-04T19:55:00+01:00";5697.909090909091;26
"1970-01-04T20:00:00+01:00";5693.714285714285;25
"1970-01-04T20:05:00+01:00";5679.142857142857;20
"1970-01-04T20:10:00+01:00";5675;16
"1970-01-04T20:15:00+01:00";5669.857142857143;23
"1970-01-04T20:20:00+01:00";5651.4;16
"1970-01-04T20:25:00+01:00";5634.857142857143;17
"1970-01-04T20:30:00+01:00";5628.833333333333;8
"1970-01-04T20:35:00+01:00";5628.714285714285;5
"1970-01-01T01:55:00+01:00";2.4;13
"1970-01-01T10:10:00+01:00";874.75;5
"1970-01-04T20:40:00+01:00";5633.1;18
"1970-01-04T20:45:00+01:00";5618.6;34
"1970-01-04T20:50:00+01:00";5572.875;55
"1970-01-04T20:55:00+01:00";5543.285714285715;48
"1970-01-04T21:00:00+01:00";5475.666666666667;74
"1970-01-04T21:05:00+01:00";5428.333333333333;24
"1970-01-04T21:10:00+01:00";5398.5;60
"1970-01-04T21:15:00+01:00";5330.571428571428;83
"1970-01-04T21:20:00+01:00";5266.666666666667;88
"1970-01-04T21:25:00+01:00";5226;102
"1970-01-01T10:15:00+01:00";935.5;15
"1970-01-04T21:30:00+01:00";5124.833333333333;95
"1970-01-04T21:35:00+01:00";5022.166666666667;109
"1970-01-04T21:40:00+01:00";4912;110
"1970-01-04T21:45:00+01:00";4853.833333333333;36
"1970-01-04T21:50:00+01:00";4824.571428571428;43
"1970-01-04T21:55:00+01:00";4788.4;56
"1970-01-04T22:00:00+01:00";4736.2;36
"1970-01-04T22:05:00+01:00";4689.428571428572;85
"1970-01-04T22:10:00+01:00";4568.25;171
"1970-01-04T22:15:00+01:00";4427.125;99
"1970-01-01T10:20:00+01:00";995.8333333333334;5
"1970-01-04T22:20:00+01:00";4320.428571428572;113
"1970-01-04T22:25:00+01:00";4237.4;72
"1970-01-04T22:30:00+01:00";4259.111111111111;40
"1970-01-04T22:35:00+01:00";4349.125;10
"1970-01-04T22:40:00+01:00";4385.1;42
"1970-01-04T22:45:00+01:00";4364.714285714285;19
"1970-01-04T22:50:00+01:00";4344;52
"1970-01-04T22:55:00+01:00";4312.083333333333;34
"1970-01-04T23:00:00+01:00";4287;52
"1970-01-04T23:05:00+01:00";4297.428571428572;50
"1970-01-01T10:25:00+01:00";998.5714285714286;14
"1970-01-04T23:10:00+01:00";4282.727272727273;56
"1970-01-04T23:15:00+01:00";4233;89
"1970-01-04T23:20:00+01:00";4156;72
"1970-01-04T23:25:00+01:00";4083.6;77
"1970-01-04T23:30:00+01:00";4014.5714285714284;69
"1970-01-04T23:35:00+01:00";3938.4;72
"1970-01-04T23:40:00+01:00";3899.6666666666665;83
"1970-01-04T23:45:00+01:00";4013.625;74
"1970-01-04T23:50:00+01:00";3937.4285714285716;131
"1970-01-04T23:55:00+01:00";3680;336
"1970-01-01T10:30:00+01:00";1007.1666666666666;12
"1970-01-05T00:00:00+01:00";3596.25;422
"1970-01-05T00:05:00+01:00";3253.4285714285716;351
"1970-01-05T00:10:00+01:00";3009.4;112
"1970-01-05T00:15:00+01:00";3026.777777777778;82
"1970-01-05T00:20:00+01:00";3374.2;73
"1970-01-05T00:25:00+01:00";3319.5714285714284;30
"1970-01-05T00:30:00+01:00";3333.9166666666665;50
"1970-01-05T00:35:00+01:00";3354.8571428571427;36
"1970-01-05T00:40:00+01:00";3369.714285714286;36
"1970-01-05T00:45:00+01:00";3341.2;31
"1970-01-01T10:35:00+01:00";996.3333333333334;7
"1970-01-05T00:50:00+01:00";3303.75;103
"1970-01-05T00:55:00+01:00";3244.4545454545455;91
"1970-01-05T01:00:00+01:00";3178;38
"1970-01-05T01:05:00+01:00";3176.3333333333335;24
"1970-01-05T01:10:00+01:00";3177.6;44
"1970-01-05T01:15:00+01:00";3125.2;53
"1970-01-05T01:20:00+01:00";3084.3636363636365;46
"1970-01-05T01:25:00+01:00";3061.6;98
"1970-01-05T01:30:00+01:00";3079.25;72
"1970-01-05T01:35:00+01:00";3108.625;43
"1970-01-01T10:40:00+01:00";989;5
"1970-01-05T01:40:00+01:00";3074.5;78
"1970-01-05T01:45:00+01:00";3022.9;43
"1970-01-05T01:50:00+01:00";2998.875;35
"1970-01-05T01:55:00+01:00";2967.8333333333335;69
"1970-01-05T02:00:00+01:00";2876;93
"1970-01-05T02:05:00+01:00";2820.714285714286;29
"1970-01-05T02:10:00+01:00";2788.222222222222;88
"1970-01-05T02:15:00+01:00";2697;43
"1970-01-05T02:20:00+01:00";2656.5;82
"1970-01-05T02:25:00+01:00";2575;41
"1970-01-01T10:45:00+01:00";985.3333333333334;3
"1970-01-05T02:30:00+01:00";2559.3333333333335;30
"1970-01-05T02:35:00+01:00";2503.4;80
"1970-01-05T02:40:00+01:00";2426.75;61
"1970-01-05T02:45:00+01:00";2411;26
"1970-01-05T02:50:00+01:00";2399.1428571428573;9
"1970-01-05T02:55:00+01:00";2411.222222222222;17
"1970-01-05T03:00:00+01:00";2429.8;7
"1970-01-05T03:05:00+01:00";2448.1111111111113;43
"1970-01-05T03:10:00+01:00";2417.25;24
"1970-01-05T03:15:00+01:00";2406.25;10
"1970-01-01T10:50:00+01:00";1059;6
"1970-01-05T03:20:00+01:00";2395;12
"1970-01-05T03:25:00+01:00";2393.4;19
"1970-01-05T03:30:00+01:00";2389.1;46
"1970-01-05T03:35:00+01:00";2420.5714285714284;34
"1970-01-05T03:40:00+01:00";2367.625;63
"1970-01-05T03:45:00+01:00";2332.5555555555557;70
"1970-01-05T03:50:00+01:00";2299.8333333333335;75
"1970-01-05T03:55:00+01:00";2235.8333333333335;53
"1970-01-05T04:00:00+01:00";2206.909090909091;34
"1970-01-05T04:05:00+01:00";2174.625;57
"1970-01-01T10:55:00+01:00";1249.4;6
"1970-01-05T04:10:00+01:00";2121.6;53
"1970-01-05T04:15:00+01:00";2088.4285714285716;22
"1970-01-05T04:20:00+01:00";2076.714285714286;28
"1970-01-05T04:25:00+01:00";2043.6;47
"1970-01-05T04:30:00+01:00";2000.625;76
"1970-01-05T04:35:00+01:00";1929.6666666666667;95
"1970-01-05T04:40:00+01:00";1828.2222222222222;99
"1970-01-05T04:45:00+01:00";1758;76
"1970-01-05T04:50:00+01:00";1692.2;96
"1970-01-05T04:55:00+01:00";1617.1;112
"1970-01-01T02:00:00+01:00";6.777777777777778;11
"1970-01-01T11:00:00+01:00";1278.8333333333333;14
"1970-01-05T05:00:00+01:00";1391.9;536
"1970-01-05T05:05:00+01:00";982;82
"1970-01-05T05:10:00+01:00";954;16
"1970-01-05T05:15:00+01:00";931;22
"1970-01-05T05:20:00+01:00";900;62
"1970-01-05T05:25:00+01:00";859.4285714285714;20
"1970-01-05T05:30:00+01:00";861.5;10
"1970-01-05T05:35:00+01:00";909.4545454545455;14
"1970-01-05T05:40:00+01:00";918.8333333333334;25
"1970-01-05T05:45:00+01:00";897;22
"1970-01-01T11:05:00+01:00";1275.6666666666667;26
"1970-01-05T05:50:00+01:00";883.8888888888889;30
"1970-01-05T05:55:00+01:00";923;48
"1970-01-05T06:00:00+01:00";928.7272727272727;28
"1970-01-05T06:05:00+01:00";905.5714285714286;26
"1970-01-05T06:10:00+01:00";884.4;26
"1970-01-05T06:15:00+01:00";867.25;46
"1970-01-05T06:20:00+01:00";835.8333333333334;60
"1970-01-05T06:25:00+01:00";818.5555555555555;49
"1970-01-05T06:30:00+01:00";1098.5714285714287;47
"1970-01-05T06:35:00+01:00";1087.375;10
"1970-01-01T11:10:00+01:00";1286;29
"1970-01-05T06:40:00+01:00";1072.5;28
"1970-01-05T06:45:00+01:00";1073.5;21
"1970-01-05T06:50:00+01:00";1052.4285714285713;16
"1970-01-05T06:55:00+01:00";1050.8;20
"1970-01-05T07:00:00+01:00";1060.2222222222222;28
"1970-01-05T07:05:00+01:00";1041.4285714285713;69
"1970-01-05T07:10:00+01:00";992.5714285714286;24
"1970-01-05T07:15:00+01:00";973.6666666666666;13
"1970-01-05T07:20:00+01:00";958.8333333333334;14
"1970-01-05T07:25:00+01:00";952.2222222222222;13
"1970-01-01T11:15:00+01:00";1252;38
"1970-01-05T07:30:00+01:00";954;12
"1970-01-05T07:35:00+01:00";937.2;35
"1970-01-05T07:40:00+01:00";904.8333333333334;49
"1970-01-05T07:45:00+01:00";894.8888888888889;52
"1970-01-05T07:50:00+01:00";1006;58
"1970-01-05T07:55:00+01:00";937.8;55
"1970-01-05T08:00:00+01:00";900.2;28
"1970-01-05T08:05:00+01:00";886.6666666666666;39
"1970-01-05T08:10:00+01:00";904.8;32
"1970-01-05T08:15:00+01:00";905;26
"1970-01-01T11:20:00+01:00";1223.375;26
"1970-01-05T08:20:00+01:00";887.8888888888889;42
"1970-01-05T08:25:00+01:00";898.5714285714286;50
"1970-01-05T08:30:00+01:00";866.6666666666666;19
"1970-01-05T08:35:00+01:00";844.4285714285714;33
"1970-01-05T08:40:00+01:00";818.75;24
"1970-01-05T08:45:00+01:00";806;47
"1970-01-05T08:50:00+01:00";766.1428571428571;19
"1970-01-05T08:55:00+01:00";754.2;16
"1970-01-05T09:00:00+01:00";734.1428571428571;21
"1970-01-05T09:05:00+01:00";738.2;11
"1970-01-01T11:25:00+01:00";1215.2857142857142;27
"1970-01-05T09:10:00+01:00";750.5714285714286;2
"1970-01-05T09:15:00+01:00";757.7142857142857;10
"1970-01-05T09:20:00+01:00";751;16
"1970-01-05T09:25:00+01:00";734.125;28
"1970-01-05T09:30:00+01:00";708;22
"1970-01-05T09:35:00+01:00";697.75;17
"1970-01-05T09:40:00+01:00";705.1428571428571;16
"1970-01-05T09:45:00+01:00";724.6;2
"1970-01-05T09:50:00+01:00";757.125;3
"1970-01-05T09:55:00+01:00";811.6666666666666;2
"1970-01-01T11:30:00+01:00";1215.8;16
"1970-01-05T10:00:00+01:00";823.8571428571429;4
"1970-01-05T10:05:00+01:00";829;2
"1970-01-05T10:10:00+01:00";842;3
"1970-01-05T10:15:00+01:00";839;6
"1970-01-05T10:20:00+01:00";830.8571428571429;13
"1970-01-05T10:25:00+01:00";820.5;14
"1970-01-05T10:30:00+01:00";823.3333333333334;13
"1970-01-05T10:35:00+01:00";848;10
"1970-01-05T10:40:00+01:00";839.5;13
"1970-01-05T10:45:00+01:00";834.3333333333334;5
"1970-01-01T11:35:00+01:00";1259.4;37
"1970-01-05T10:50:00+01:00";843.7;14
"1970-01-05T10:55:00+01:00";835.4;12
"1970-01-05T11:00:00+01:00";817.75;26
"1970-01-05T11:05:00+01:00";824.4545454545455;14
"1970-01-05T11:10:00+01:00";964.8571428571429;16
"1970-01-05T11:15:00+01:00";1160;26
"1970-01-05T11:20:00+01:00";1149.125;23
"1970-01-05T11:25:00+01:00";1141.5;26
"1970-01-05T11:30:00+01:00";1115.2222222222222;38
"1970-01-05T11:35:00+01:00";1105.2;17
"1970-01-01T11:40:00+01:00";1297.888888888889;59
"1970-01-05T11:40:00+01:00";1106;19
"1970-01-05T11:45:00+01:00";1101.857142857143;13
"1970-01-05T11:50:00+01:00";1099;8
"1970-01-05T11:55:00+01:00";1104.3333333333333;27
"1970-01-05T12:00:00+01:00";1097.6666666666667;2
"1970-01-05T12:05:00+01:00";1101.6666666666667;7
"1970-01-05T12:10:00+01:00";1098.5714285714287;6
"1970-01-05T12:15:00+01:00";1107.8333333333333;5
"1970-01-05T12:20:00+01:00";1102.3333333333333;8
"1970-01-05T12:25:00+01:00";1108.111111111111;10
"1970-01-01T11:45:00+01:00";1303.6153846153845;46
"1970-01-05T12:30:00+01:00";1104.6;3
"1970-01-05T12:35:00+01:00";1100;5
"1970-01-05T12:40:00+01:00";1097.5;3
"1970-01-05T12:45:00+01:00";1098.875;11
"1970-01-05T12:50:00+01:00";1103.3333333333333;2
"1970-01-05T12:55:00+01:00";1111.5714285714287;5
"1970-01-05T13:00:00+01:00";1129.875;8
"1970-01-05T13:05:00+01:00";1128.6;14
"1970-01-05T13:10:00+01:00";1122.625;10
"1970-01-05T13:15:00+01:00";1118.75;11
"1970-01-01T02:05:00+01:00";3;1
"1970-01-01T11:50:00+01:00";1367.142857142857;60
"1970-01-05T13:20:00+01:00";1133.3333333333333;23
"1970-01-05T13:25:00+01:00";1123;10
"1970-01-05T13:30:00+01:00";1132.4444444444443;8
"1970-01-05T13:35:00+01:00";1170.142857142857;18
"1970-01-05T13:40:00+01:00";1200.6666666666667;22
"1970-01-05T13:45:00+01:00";1185.8;46
"1970-01-05T13:50:00+01:00";1135;46
"1970-01-05T13:55:00+01:00";1108;35
"1970-01-05T14:00:00+01:00";1072.3333333333333;57
"1970-01-05T14:05:00+01:00";1005.1666666666666;85
"1970-01-01T11:55:00+01:00";1292.6;74
"1970-01-05T14:10:00+01:00";916;60
"1970-01-05T14:15:00+01:00";1066.3636363636363;40
"1970-01-05T14:20:00+01:00";1139.25;44
"1970-01-05T14:25:00+01:00";1370.6;17
"1970-01-05T14:30:00+01:00";1870.5;21
"1970-01-05T14:35:00+01:00";1829.2;65
"1970-01-05T14:40:00+01:00";1782.4;50
"1970-01-05T14:45:00+01:00";1731.6666666666667;37
"1970-01-05T14:50:00+01:00";1701.7142857142858;53
"1970-01-05T14:55:00+01:00";1768.3636363636363;87
"1970-01-01T12:00:00+01:00";1221.75;61
"1970-01-05T15:00:00+01:00";1719.8333333333333;64
"1970-01-05T15:05:00+01:00";1640.3333333333333;101
"1970-01-05T15:10:00+01:00";1581.8181818181818;40
"1970-01-05T15:15:00+01:00";1700.8333333333333;42
"1970-01-05T15:20:00+01:00";1703;38
"1970-01-05T15:25:00+01:00";1679.75;56
"1970-01-05T15:30:00+01:00";1632;41
"1970-01-05T15:35:00+01:00";1596.5;35
"1970-01-05T15:40:00+01:00";1562.857142857143;38
"1970-01-05T15:45:00+01:00";1521.3333333333333;59
"1970-01-01T12:05:00+01:00";1200.8;44
"1970-01-05T15:50:00+01:00";1479.375;46
"1970-01-05T15:55:00+01:00";1550.2;89
"1970-01-05T16:00:00+01:00";1656.2;123
"1970-01-05T16:05:00+01:00";1599.142857142857;95
"1970-01-05T16:10:00+01:00";1943.5714285714287;70
"1970-01-05T16:15:00+01:00";1883.4444444444443;58
"1970-01-05T16:20:00+01:00";1881.7;76
"1970-01-05T16:25:00+01:00";1851;73
"1970-01-05T16:30:00+01:00";1781.857142857143;63
"1970-01-05T16:35:00+01:00";1728.6;62
"1970-01-01T12:10:00+01:00";1152.4;99
"1970-01-05T16:40:00+01:00";1663.6;83
"1970-01-05T16:45:00+01:00";1581.6;72
"1970-01-05T16:50:00+01:00";1508.857142857143;74
"1970-01-05T16:55:00+01:00";1464.5;56
"1970-01-05T17:00:00+01:00";1409.857142857143;31
"1970-01-05T17:05:00+01:00";1399.25;21
"1970-01-05T17:10:00+01:00";1381.142857142857;32
"1970-01-05T17:15:00+01:00";1410;49
"1970-01-05T17:20:00+01:00";1422.6;58
"1970-01-05T17:25:00+01:00";1378.1666666666667;52
"1970-01-01T12:15:00+01:00";1038.2;153
"1970-01-05T17:30:00+01:00";1320.7777777777778;75
"1970-01-05T17:35:00+01:00";1277;82
"1970-01-05T17:40:00+01:00";1164.4285714285713;116
"1970-01-05T17:45:00+01:00";1077.875;85
"1970-01-05T17:50:00+01:00";1020.875;109
"1970-01-05T17:55:00+01:00";951.3333333333334;85
"1970-01-05T18:00:00+01:00";835.8333333333334;205
"1970-01-05T18:05:00+01:00";480.77777777777777;409
"1970-01-05T18:10:00+01:00";283.375;56
"1970-01-05T18:15:00+01:00";244.6;43
"1970-01-01T12:20:00+01:00";951.375;54
"1970-01-05T18:20:00+01:00";224.16666666666666;43
"1970-01-05T18:25:00+01:00";168.14285714285714;95
"1970-01-05T18:30:00+01:00";85.8;59
"1970-01-05T18:35:00+01:00";92.63636363636364;33
"1970-01-05T18:40:00+01:00";240.125;11
"1970-01-05T18:45:00+01:00";226.875;25
"1970-01-05T18:50:00+01:00";206.14285714285714;39
"1970-01-05T18:55:00+01:00";357.09090909090907;106
"1970-01-05T19:00:00+01:00";307.8888888888889;349
"1970-01-05T19:05:00+01:00";29.4;220
"1970-01-01T12:25:00+01:00";918.8888888888889;43
"1970-01-05T19:10:00+01:00";1.5;10
"1970-01-05T19:15:00+01:00";6.428571428571429;14
"1970-01-05T19:20:00+01:00";6.375;46
"1970-01-05T19:25:00+01:00";5.333333333333333;75
"1970-01-05T19:30:00+01:00";8.5;45
"1970-01-05T19:35:00+01:00";7.6;39
"1970-01-05T19:40:00+01:00";7.75;12
"1970-01-05T19:45:00+01:00";3.6666666666666665;43
"1970-01-05T19:50:00+01:00";5.2;38
"1970-01-05T19:55:00+01:00";12.555555555555555;27
"1970-01-01T12:30:00+01:00";899.6666666666666;38
"1970-01-05T20:00:00+01:00";11.25;10
"1970-01-05T20:05:00+01:00";2.4;73
"1970-01-05T20:10:00+01:00";1;3
"1970-01-05T20:15:00+01:00";1.6666666666666667;5
"1970-01-05T20:20:00+01:00";18.444444444444443;64
"1970-01-05T20:25:00+01:00";26.25;8
"1970-01-05T20:30:00+01:00";0.8;11
"1970-01-05T20:35:00+01:00";8;10
"1970-01-05T20:40:00+01:00";5.166666666666667;41
"1970-01-05T20:45:00+01:00";3.75;21
"1970-01-01T12:35:00+01:00";867.3;69
"1970-01-05T20:50:00+01:00";0.4;20
"1970-01-05T20:55:00+01:00";43.5;34
"1970-01-05T21:00:00+01:00";1.8888888888888888;42
"1970-01-05T21:05:00+01:00";6.666666666666667;123
"1970-01-05T21:10:00+01:00";3;38
"1970-01-05T21:15:00+01:00";1;11
"1970-01-05T21:20:00+01:00";3.3333333333333335;7
"1970-01-05T21:25:00+01:00";2.7142857142857144;4
"1970-01-05T21:30:00+01:00";0.3333333333333333;3
"1970-01-05T21:35:00+01:00";null;50
"1970-01-01T02:10:00+01:00";2.125;22
"1970-01-01T12:40:00+01:00";799.75;99
"1970-01-05T21:40:00+01:00";3.25;43
"1970-01-05T21:45:00+01:00";1;34
"1970-01-05T21:50:00+01:00";0.6666666666666666;17
"1970-01-05T21:55:00+01:00";1.3333333333333333;11
"1970-01-05T22:00:00+01:00";4.5;18
"1970-01-05T22:05:00+01:00";3.125;10
"1970-01-05T22:10:00+01:00";4.555555555555555;4
"1970-01-05T22:15:00+01:00";0.3333333333333333;14
"1970-01-05T22:20:00+01:00";1;14
"1970-01-05T22:25:00+01:00";4.714285714285714;5
"1970-01-01T12:45:00+01:00";964.0588235294117;180
"1970-01-05T22:30:00+01:00";40.6;9
"1970-01-05T22:35:00+01:00";null;3
"1970-01-05T22:40:00+01:00";5;5
"1970-01-05T22:45:00+01:00";2.1666666666666665;6
"1970-01-05T22:50:00+01:00";15.7;17
"1970-01-05T22:55:00+01:00";101.66666666666667;17
"1970-01-05T23:00:00+01:00";95.22222222222223;14
"1970-01-05T23:05:00+01:00";112.42857142857143;4
"1970-01-05T23:10:00+01:00";155;7
"1970-01-05T23:15:00+01:00";167.375;5
"1970-01-01T12:50:00+01:00";1121.9;191
"1970-01-05T23:20:00+01:00";180.83333333333334;4
"1970-01-05T23:25:00+01:00";178.75;4
"1970-01-05T23:30:00+01:00";183.16666666666666;8
"1970-01-05T23:35:00+01:00";178.2;4
"1970-01-05T23:40:00+01:00";171.33333333333334;19
"1970-01-05T23:45:00+01:00";158.33333333333334;4
"1970-01-05T23:50:00+01:00";159;4
"1970-01-05T23:55:00+01:00";161.5;2
"1970-01-06T00:00:00+01:00";180.5;8
"1970-01-06T00:05:00+01:00";196.0909090909091;10
"1970-01-01T12:55:00+01:00";920.5;116
"1970-01-06T00:10:00+01:00";203.6;7
"1970-01-06T00:15:00+01:00";200.16666666666666;11
"1970-01-06T00:20:00+01:00";191.4;8
"1970-01-06T00:25:00+01:00";183.5;14
"1970-01-06T00:30:00+01:00";167.11111111111111;27
"1970-01-06T00:35:00+01:00";169.1764705882353;19
"1970-01-06T00:40:00+01:00";187.11111111111111;11
"1970-01-06T00:45:00+01:00";150.4;170
"1970-01-06T00:50:00+01:00";4.75;135
"1970-01-06T00:55:00+01:00";2.125;33
"1970-01-01T13:00:00+01:00";907.8333333333334;77
"1970-01-06T01:00:00+01:00";12;21
"1970-01-06T01:05:00+01:00";3.6666666666666665;41
"1970-01-06T01:10:00+01:00";1.7142857142857142;18
"1970-01-06T01:15:00+01:00";7.5;47
"1970-01-06T01:20:00+01:00";2;8
"1970-01-06T01:25:00+01:00";4;8
"1970-01-06T01:30:00+01:00";0.6666666666666666;12
"1970-01-06T01:35:00+01:00";3.8;31
"1970-01-06T01:40:00+01:00";59.5;15
"1970-01-06T01:45:00+01:00";108.8;20
"1970-01-01T13:05:00+01:00";849.4285714285714;36
"1970-01-06T01:50:00+01:00";97.83333333333333;9
"1970-01-06T01:55:00+01:00";105;null
"1970-01-06T02:00:00+01:00";191.77777777777777;4
"1970-01-06T02:05:00+01:00";239.55555555555554;9
"1970-01-06T02:10:00+01:00";253.44444444444446;9
"1970-01-06T02:15:00+01:00";295.4;3
"1970-01-06T02:20:00+01:00";291.8;11
"1970-01-06T02:25:00+01:00";277.6;21
"1970-01-06T02:30:00+01:00";257.8333333333333;18
"1970-01-06T02:35:00+01:00";244.8;10
"1970-01-01T13:10:00+01:00";843.2;18
"1970-01-06T02:40:00+01:00";241.2;14
"1970-01-06T02:45:00+01:00";234;13
"1970-01-06T02:50:00+01:00";345.5833333333333;6
"1970-01-06T02:55:00+01:00";497.3;21
"1970-01-06T03:00:00+01:00";528.2;20
"1970-01-06T03:05:00+01:00";546.8;27
"1970-01-06T03:10:00+01:00";541.7;38
"1970-01-06T03:15:00+01:00";510.6666666666667;44
"1970-01-06T03:20:00+01:00";519.1818181818181;23
"1970-01-06T03:25:00+01:00";569.1666666666666;28
"1970-01-01T13:15:00+01:00";824.75;25
"1970-01-06T03:30:00+01:00";543.1111111111111;20
"1970-01-06T03:35:00+01:00";525.125;94
"1970-01-06T03:40:00+01:00";428.44444444444446;127
"1970-01-06T03:45:00+01:00";350.85714285714283;88
"1970-01-06T03:50:00+01:00";298;39
"1970-01-06T03:55:00+01:00";285.5;6
"1970-01-06T04:00:00+01:00";355.8888888888889;9
"1970-01-06T04:05:00+01:00";602.25;5
"1970-01-06T04:10:00+01:00";599;null
"1970-01-06T04:15:00+01:00";599;8
"1970-01-01T13:20:00+01:00";823;22
"1970-01-06T04:20:00+01:00";593.4;12
"1970-01-06T04:25:00+01:00";583.4285714285714;17
"1970-01-06T04:30:00+01:00";570.8571428571429;14
"1970-01-06T04:35:00+01:00";578;6
"1970-01-06T04:40:00+01:00";571.5;6
"1970-01-06T04:45:00+01:00";563.1666666666666;21
"1970-01-06T04:50:00+01:00";543.75;13
"1970-01-06T04:55:00+01:00";530.625;17
"1970-01-06T05:00:00+01:00";529.4285714285714;25
"1970-01-06T05:05:00+01:00";511;39
"1970-01-01T13:25:00+01:00";806.5;13
"1970-01-06T05:10:00+01:00";484;53
"1970-01-06T05:15:00+01:00";430.57142857142856;53
"1970-01-06T05:20:00+01:00";390;106
"1970-01-06T05:25:00+01:00";394;227
"1970-01-06T05:30:00+01:00";144;208
"1970-01-06T05:35:00+01:00";97.5;129
"1970-01-06T05:40:00+01:00";61;33
"1970-01-06T05:45:00+01:00";210.7;62
"1970-01-06T05:50:00+01:00";221.6;10
"1970-01-06T05:55:00+01:00";211;36
"1970-01-01T02:15:00+01:00";1.6;29
"1970-01-01T13:30:00+01:00";798;11
"1970-01-06T06:00:00+01:00";227.23076923076923;30
"1970-01-06T06:05:00+01:00";448.55555555555554;16
"1970-01-06T06:10:00+01:00";443.14285714285717;29
"1970-01-06T06:15:00+01:00";548.875;31
"1970-01-06T06:20:00+01:00";580.7142857142857;24
"1970-01-06T06:25:00+01:00";555;37
"1970-01-06T06:30:00+01:00";596.5;29
"1970-01-06T06:35:00+01:00";582.2;42
"1970-01-06T06:40:00+01:00";548.1428571428571;26
"1970-01-06T06:45:00+01:00";573;57
"1970-01-01T13:35:00+01:00";793.8888888888889;8
"1970-01-06T06:50:00+01:00";564.75;16
"1970-01-06T06:55:00+01:00";554;9
"1970-01-06T07:00:00+01:00";557.625;5
"1970-01-06T07:05:00+01:00";586.6;7
"1970-01-06T07:10:00+01:00";624;10
"1970-01-06T07:15:00+01:00";621;11
"1970-01-06T07:20:00+01:00";619.9166666666666;4
"1970-01-06T07:25:00+01:00";620.25;5
"1970-01-06T07:30:00+01:00";614.6;7
"1970-01-06T07:35:00+01:00";615.5714285714286;6
"1970-01-01T13:40:00+01:00";789.4444444444445;32
"1970-01-06T07:40:00+01:00";844.0833333333334;6
"1970-01-06T07:45:00+01:00";1015.25;9
"1970-01-06T07:50:00+01:00";1027.2;7
"1970-01-06T07:55:00+01:00";1034.75;2
"1970-01-06T08:00:00+01:00";1077.888888888889;11
"1970-01-06T08:05:00+01:00";1284.4444444444443;9
"1970-01-06T08:10:00+01:00";1382.3333333333333;4
"1970-01-06T08:15:00+01:00";1397.2;null
"1970-01-06T08:20:00+01:00";1436.2857142857142;1
"1970-01-06T08:25:00+01:00";1465.5;null
"1970-01-01T13:45:00+01:00";778.7142857142857;9
"1970-01-06T08:30:00+01:00";1474.75;null
"1970-01-06T08:35:00+01:00";1479;1
"1970-01-06T08:40:00+01:00";1484;2
"1970-01-06T08:45:00+01:00";1494.5;1
"1970-01-06T08:50:00+01:00";1495.5714285714287;8
"1970-01-06T08:55:00+01:00";1499.7142857142858;14
"1970-01-06T09:00:00+01:00";1470;85
"1970-01-06T09:05:00+01:00";1340.5;206
"1970-01-06T09:10:00+01:00";1164.7777777777778;109
"1970-01-06T09:15:00+01:00";1120.875;22
"1970-01-01T13:50:00+01:00";773.2222222222222;42
"1970-01-06T09:20:00+01:00";1113.5;16
"1970-01-06T09:25:00+01:00";1103.0833333333333;48
"1970-01-06T09:30:00+01:00";1156.25;58
"1970-01-06T09:35:00+01:00";1123;60
"1970-01-06T09:40:00+01:00";1082.7142857142858;70
"1970-01-06T09:45:00+01:00";1026.3333333333333;59
"1970-01-06T09:50:00+01:00";1160.4166666666667;137
"1970-01-06T09:55:00+01:00";1580.7777777777778;344
"1970-01-06T10:00:00+01:00";1218.625;324
"1970-01-06T10:05:00+01:00";1099.6666666666667;17
"1970-01-01T13:55:00+01:00";716.7777777777778;123
"1970-01-06T10:10:00+01:00";1090.125;23
"1970-01-06T10:15:00+01:00";1069.75;42
"1970-01-06T10:20:00+01:00";1006;86
"1970-01-06T10:25:00+01:00";905;128
"1970-01-06T10:30:00+01:00";796.5714285714286;93
"1970-01-06T10:35:00+01:00";758.4;79
"1970-01-06T10:40:00+01:00";662.0833333333334;98
"1970-01-06T10:45:00+01:00";614.9;97
"1970-01-06T10:50:00+01:00";542.4285714285714;130
"1970-01-06T10:55:00+01:00";425;106
"1970-01-01T14:00:00+01:00";457.5;359
"1970-01-06T11:00:00+01:00";323.8333333333333;113
"1970-01-06T11:05:00+01:00";197.625;182
"1970-01-06T11:10:00+01:00";30.2;144
"1970-01-06T11:15:00+01:00";2.6;61
"1970-01-06T11:20:00+01:00";2.4285714285714284;23
"1970-01-06T11:25:00+01:00";0;35
"1970-01-06T11:30:00+01:00";null;22
"1970-01-06T11:35:00+01:00";null;35
"1970-01-06T11:40:00+01:00";4.714285714285714;32
"1970-01-06T11:45:00+01:00";62.38461538461539;126
"1970-01-01T14:05:00+01:00";183.66666666666666;224
"1970-01-06T11:50:00+01:00";2.5;209
"1970-01-06T11:55:00+01:00";null;14
"1970-01-06T12:00:00+01:00";1.6;8
"1970-01-06T12:05:00+01:00";2.6666666666666665;13
"1970-01-06T12:10:00+01:00";0.5;7
"1970-01-06T12:15:00+01:00";6.2;17
"1970-01-06T12:20:00+01:00";null;6
"1970-01-06T12:25:00+01:00";0.5;5
"1970-01-06T12:30:00+01:00";0.5;10
"1970-01-06T12:35:00+01:00";2.5;11
"1970-01-01T14:10:00+01:00";41;69
"1970-01-06T12:40:00+01:00";16;3
"1970-01-06T12:45:00+01:00";5.666666666666667;6
"1970-01-06T12:50:00+01:00";2.4;4
"1970-01-06T12:55:00+01:00";2;15
"1970-01-06T13:00:00+01:00";3;9
"1970-01-06T13:05:00+01:00";0.5;41
"1970-01-06T13:10:00+01:00";11.5;28
"1970-01-06T13:15:00+01:00";0.5;13
"1970-01-06T13:20:00+01:00";1.2;15
"1970-01-06T13:25:00+01:00";4;13
"1970-01-01T14:15:00+01:00";5.375;16
"1970-01-06T13:30:00+01:00";1.5;9
"1970-01-06T13:35:00+01:00";13.076923076923077;35
"1970-01-06T13:40:00+01:00";16.5;9
"1970-01-06T13:45:00+01:00";2.625;21
"1970-01-06T13:50:00+01:00";3.857142857142857;18
"1970-01-06T13:55:00+01:00";2.3333333333333335;47
"1970-01-06T14:00:00+01:00";2.3333333333333335;19
"1970-01-06T14:05:00+01:00";3.1818181818181817;35
"1970-01-06T14:10:00+01:00";13.833333333333334;44
"1970-01-06T14:15:00+01:00";1;101
"1970-01-01T02:20:00+01:00";1.6;2
"1970-01-01T14:20:00+01:00";33.166666666666664;11
"1970-01-06T14:20:00+01:00";10.5;19
"1970-01-06T14:25:00+01:00";2;17
"1970-01-06T14:30:00+01:00";9.8;17
"1970-01-06T14:35:00+01:00";1.5;21
"1970-01-06T14:40:00+01:00";9.333333333333334;35
"1970-01-06T14:45:00+01:00";1.5;38
"1970-01-06T14:50:00+01:00";14;19
"1970-01-06T14:55:00+01:00";null;27
"1970-01-06T15:00:00+01:00";3;16
"1970-01-06T15:05:00+01:00";4.4;4
"1970-01-01T14:25:00+01:00";201.28571428571428;17
"1970-01-06T15:10:00+01:00";2.25;29
"1970-01-06T15:15:00+01:00";2.5714285714285716;8
"1970-01-06T15:20:00+01:00";4.625;6
"1970-01-06T15:25:00+01:00";1.4285714285714286;24
"1970-01-06T15:30:00+01:00";1.375;20
"1970-01-06T15:35:00+01:00";3;24
"1970-01-06T15:40:00+01:00";1.5;4
"1970-01-06T15:45:00+01:00";3;5
"1970-01-06T15:50:00+01:00";5.142857142857143;10
"1970-01-06T15:55:00+01:00";null;8
"1970-01-01T14:30:00+01:00";187;28
"1970-01-06T16:00:00+01:00";2;12
"1970-01-06T16:05:00+01:00";0.6666666666666666;9
"1970-01-06T16:10:00+01:00";2;17
"1970-01-06T16:15:00+01:00";0.6666666666666666;18
"1970-01-06T16:20:00+01:00";null;7
"1970-01-06T16:25:00+01:00";19.3;6
"1970-01-06T16:30:00+01:00";22;4
"1970-01-06T16:35:00+01:00";5.857142857142857;10
"1970-01-06T16:40:00+01:00";2.375;27
"1970-01-06T16:45:00+01:00";7.833333333333333;10
"1970-01-01T14:35:00+01:00";148.8;48
"1970-01-06T16:50:00+01:00";null;10
"1970-01-06T16:55:00+01:00";3.2;30
"1970-01-06T17:00:00+01:00";7.6;70
"1970-01-06T17:05:00+01:00";7;31
"1970-01-06T17:10:00+01:00";5;30
"1970-01-06T17:15:00+01:00";1.25;21
"1970-01-06T17:20:00+01:00";1.5;4
"1970-01-06T17:25:00+01:00";7.571428571428571;12
"1970-01-06T17:30:00+01:00";0.5;10
"1970-01-06T17:35:00+01:00";5.333333333333333;52
"1970-01-01T14:40:00+01:00";153.8;29
"1970-01-06T17:40:00+01:00";null;29
"1970-01-06T17:45:00+01:00";2.4;29
"1970-01-06T17:50:00+01:00";1.2;12
"1970-01-06T17:55:00+01:00";null;4
"1970-01-06T18:00:00+01:00";null;37
"1970-01-06T18:05:00+01:00";2.25;14
"1970-01-06T18:10:00+01:00";0.8333333333333334;5
"1970-01-06T18:15:00+01:00";2.4285714285714284;3
"1970-01-06T18:20:00+01:00";0.75;33
"1970-01-06T18:25:00+01:00";7.5;13
"1970-01-01T14:45:00+01:00";179.4;39
"1970-01-06T18:30:00+01:00";5.8;1
"1970-01-06T18:35:00+01:00";6;12
"1970-01-06T18:40:00+01:00";5.333333333333333;19
"1970-01-06T18:45:00+01:00";0.6666666666666666;22
"1970-01-06T18:50:00+01:00";2.1666666666666665;18
"1970-01-06T18:55:00+01:00";11.333333333333334;22
"1970-01-06T19:00:00+01:00";15.6;36
"1970-01-06T19:05:00+01:00";2.875;16
"1970-01-06T19:10:00+01:00";4.666666666666667;9
"1970-01-06T19:15:00+01:00";1.1666666666666667;29
"1970-01-01T14:50:00+01:00";202.33333333333334;32
"1970-01-06T19:20:00+01:00";6;30
"1970-01-06T19:25:00+01:00";5;59
"1970-01-06T19:30:00+01:00";0.5;28
"1970-01-06T19:35:00+01:00";306.35714285714283;68
"1970-01-06T19:40:00+01:00";681.4444444444445;56
"1970-01-06T19:45:00+01:00";628.6666666666666;155
"1970-01-06T19:50:00+01:00";450.3333333333333;142
"1970-01-06T19:55:00+01:00";315.7142857142857;118
"1970-01-06T20:00:00+01:00";185.71428571428572;156
"1970-01-06T20:05:00+01:00";77.6;114
"1970-01-01T14:55:00+01:00";207.8;36
"1970-01-06T20:10:00+01:00";12.5;126
"1970-01-06T20:15:00+01:00";30.5;79
"1970-01-06T20:20:00+01:00";14.5;84
"1970-01-06T20:25:00+01:00";1.6;148
"1970-01-06T20:30:00+01:00";132;41
"1970-01-06T20:35:00+01:00";3.3333333333333335;15
"1970-01-06T20:40:00+01:00";3.857142857142857;4
"1970-01-06T20:45:00+01:00";4;9
"1970-01-06T20:50:00+01:00";5;35
"1970-01-06T20:55:00+01:00";1.25;20
"1970-01-01T15:00:00+01:00";247.45454545454547;36
"1970-01-06T21:00:00+01:00";6.333333333333333;29
"1970-01-06T21:05:00+01:00";1.4;31
"1970-01-06T21:10:00+01:00";null;7
"1970-01-06T21:15:00+01:00";0.6666666666666666;28
"1970-01-06T21:20:00+01:00";2.3333333333333335;7
"1970-01-06T21:25:00+01:00";null;121
"1970-01-06T21:30:00+01:00";5;9
"1970-01-06T21:35:00+01:00";4.8;33
"1970-01-06T21:40:00+01:00";2.1666666666666665;18
"1970-01-06T21:45:00+01:00";151.85714285714286;25
"1970-01-01T15:05:00+01:00";425.6;19
"1970-01-06T21:50:00+01:00";253.33333333333334;50
"1970-01-06T21:55:00+01:00";196.625;186
"1970-01-06T22:00:00+01:00";40.77777777777778;117
"1970-01-06T22:05:00+01:00";8.666666666666666;60
"1970-01-06T22:10:00+01:00";148.06666666666666;31
"1970-01-06T22:15:00+01:00";268.2857142857143;21
"1970-01-06T22:20:00+01:00";229.375;66
"1970-01-06T22:25:00+01:00";170.42857142857142;61
"1970-01-06T22:30:00+01:00";137;15
"1970-01-06T22:35:00+01:00";88.625;91
"1970-01-01T02:25:00+01:00";2;3
"1970-01-01T15:10:00+01:00";407.6666666666667;46
"1970-01-06T22:40:00+01:00";14.75;54
"1970-01-06T22:45:00+01:00";5.375;64
"1970-01-06T22:50:00+01:00";null;73
"1970-01-06T22:55:00+01:00";2;50
"1970-01-06T23:00:00+01:00";3.75;64
"1970-01-06T23:05:00+01:00";8.363636363636363;14
"1970-01-06T23:10:00+01:00";2.4545454545454546;61
"1970-01-06T23:15:00+01:00";5.714285714285714;29
"1970-01-06T23:20:00+01:00";1.6;14
"1970-01-06T23:25:00+01:00";0;18
"1970-01-01T15:15:00+01:00";370;39
"1970-01-06T23:30:00+01:00";4;28
"1970-01-06T23:35:00+01:00";9.6;16
"1970-01-06T23:40:00+01:00";4;10
"1970-01-06T23:45:00+01:00";1.5;4
"1970-01-06T23:50:00+01:00";1;7
"1970-01-06T23:55:00+01:00";2.6666666666666665;13
"1970-01-07T00:00:00+01:00";0.6666666666666666;29
"1970-01-07T00:05:00+01:00";3;39
"1970-01-07T00:10:00+01:00";8.666666666666666;16
"1970-01-07T00:15:00+01:00";8.75;35
"1970-01-01T15:20:00+01:00";396.1666666666667;43
"1970-01-07T00:20:00+01:00";1;42
"1970-01-07T00:25:00+01:00";3.727272727272727;18
"1970-01-07T00:30:00+01:00";21.8;11
"1970-01-07T00:35:00+01:00";4.545454545454546;36
"1970-01-07T00:40:00+01:00";10.125;106
"1970-01-07T00:45:00+01:00";1.6;16
"1970-01-07T00:50:00+01:00";0.5;10
"1970-01-07T00:55:00+01:00";2.8333333333333335;26
"1970-01-07T01:00:00+01:00";2.5;13
"1970-01-07T01:05:00+01:00";2.5;39
"1970-01-01T15:25:00+01:00";375;31
"1970-01-07T01:10:00+01:00";0;10
"1970-01-07T01:15:00+01:00";1.25;14
"1970-01-07T01:20:00+01:00";5;8
"1970-01-07T01:25:00+01:00";2.4;11
"1970-01-07T01:30:00+01:00";3.1;6
"1970-01-07T01:35:00+01:00";3;28
"1970-01-07T01:40:00+01:00";6.1;8
"1970-01-07T01:45:00+01:00";null;13
"1970-01-07T01:50:00+01:00";15.25;29
"1970-01-07T01:55:00+01:00";14.833333333333334;57
"1970-01-01T15:30:00+01:00";362.25;8
"1970-01-07T02:00:00+01:00";14.6;112
"1970-01-07T02:05:00+01:00";1;9
"1970-01-07T02:10:00+01:00";0.3333333333333333;15
"1970-01-07T02:15:00+01:00";4;15
"1970-01-07T02:20:00+01:00";3.25;10
"1970-01-07T02:25:00+01:00";6.25;8
"1970-01-07T02:30:00+01:00";11.5;7
"1970-01-07T02:35:00+01:00";null;6
"1970-01-07T02:40:00+01:00";1;34
"1970-01-07T02:45:00+01:00";7;69
"1970-01-01T15:35:00+01:00";364;15
"1970-01-07T02:50:00+01:00";1;6
"1970-01-07T02:55:00+01:00";5.222222222222222;3
"1970-01-07T03:00:00+01:00";null;7
"1970-01-07T03:05:00+01:00";1.5555555555555556;8
"1970-01-07T03:10:00+01:00";6.6;11
"1970-01-07T03:15:00+01:00";246.7;45
"1970-01-07T03:20:00+01:00";458.1818181818182;159
"1970-01-07T03:25:00+01:00";309.6666666666667;118
"1970-01-07T03:30:00+01:00";223.5;108
"1970-01-07T03:35:00+01:00";108.9;96
"1970-01-01T15:40:00+01:00";418.75;24
"1970-01-07T03:40:00+01:00";45.375;98
"1970-01-07T03:45:00+01:00";17.5;78
"1970-01-07T03:50:00+01:00";29.714285714285715;47
"1970-01-07T03:55:00+01:00";5.75;29
"1970-01-07T04:00:00+01:00";6.833333333333333;115
"1970-01-07T04:05:00+01:00";2.6666666666666665;68
"1970-01-07T04:10:00+01:00";3.3333333333333335;13
"1970-01-07T04:15:00+01:00";0.75;20
"1970-01-07T04:20:00+01:00";1.25;15
"1970-01-07T04:25:00+01:00";0.75;16
"1970-01-01T15:45:00+01:00";412.25;14
"1970-01-07T04:30:00+01:00";null;16
"1970-01-07T04:35:00+01:00";0.5;20
"1970-01-07T04:40:00+01:00";14.222222222222221;21
"1970-01-07T04:45:00+01:00";1;55
"1970-01-07T04:50:00+01:00";2;2
"1970-01-07T04:55:00+01:00";3.6666666666666665;3
"1970-01-07T05:00:00+01:00";7;10
"1970-01-07T05:05:00+01:00";null;3
"1970-01-07T05:10:00+01:00";30;4
"1970-01-07T05:15:00+01:00";8.9;22
"1970-01-01T15:50:00+01:00";439.45454545454544;12
"1970-01-07T05:20:00+01:00";5.333333333333333;51
"1970-01-07T05:25:00+01:00";5.666666666666667;23
"1970-01-07T05:30:00+01:00";null;39
"1970-01-07T05:35:00+01:00";32.4;48
"1970-01-07T05:40:00+01:00";7.666666666666667;151
"1970-01-07T05:45:00+01:00";4.25;51
"1970-01-07T05:50:00+01:00";1.6;7
"1970-01-07T05:55:00+01:00";null;7
"1970-01-07T06:00:00+01:00";1.4285714285714286;4
"1970-01-07T06:05:00+01:00";8.5;8
"1970-01-01T15:55:00+01:00";622;14
"1970-01-07T06:10:00+01:00";5.125;8
"1970-01-07T06:15:00+01:00";0.8;12
"1970-01-07T06:20:00+01:00";14.666666666666666;9
"1970-01-07T06:25:00+01:00";2.3333333333333335;21
"1970-01-07T06:30:00+01:00";1;19
"1970-01-07T06:35:00+01:00";2.5;23
"1970-01-07T06:40:00+01:00";0.6;24
"1970-01-07T06:45:00+01:00";1;18
"1970-01-07T06:50:00+01:00";20.857142857142858;6
"1970-01-07T06:55:00+01:00";3.142857142857143;10
"1970-01-01T02:30:00+01:00";4.833333333333333;4
"1970-01-01T16:00:00+01:00";2042.5;7
"1970-01-07T07:00:00+01:00";7.5;14
"1970-01-07T07:05:00+01:00";0.3333333333333333;30
"1970-01-07T07:10:00+01:00";1.6;10
"1970-01-07T07:15:00+01:00";3.1;63
"1970-01-07T07:20:00+01:00";11.857142857142858;4
"1970-01-07T07:25:00+01:00";2.375;17
"1970-01-07T07:30:00+01:00";211.6;108
"1970-01-07T07:35:00+01:00";272.6;147
"1970-01-07T07:40:00+01:00";106.44444444444444;178
"1970-01-07T07:45:00+01:00";26.428571428571427;92
"1970-01-01T16:05:00+01:00";2277.9;10
"1970-01-07T07:50:00+01:00";45.25;37
"1970-01-07T07:55:00+01:00";79;82
"1970-01-07T08:00:00+01:00";25.375;27
"1970-01-07T08:05:00+01:00";14.5;79
"1970-01-07T08:10:00+01:00";5.4;39
"1970-01-07T08:15:00+01:00";3.3333333333333335;5
"1970-01-07T08:20:00+01:00";2;16
"1970-01-07T08:25:00+01:00";2.6666666666666665;1
"1970-01-07T08:30:00+01:00";0.3333333333333333;5
"1970-01-07T08:35:00+01:00";2.3333333333333335;10
"1970-01-01T16:10:00+01:00";2421.3333333333335;14
"1970-01-07T08:40:00+01:00";57.1;18
"1970-01-07T08:45:00+01:00";96.54545454545455;24
"1970-01-07T08:50:00+01:00";98.57142857142857;17
"1970-01-07T08:55:00+01:00";75.8;34
"1970-01-07T09:00:00+01:00";60.7;44
"1970-01-07T09:05:00+01:00";93.4;36
"1970-01-07T09:10:00+01:00";97.57142857142857;20
"1970-01-07T09:15:00+01:00";112.625;35
"1970-01-07T09:20:00+01:00";207;18
"1970-01-07T09:25:00+01:00";476.4;33
"1970-01-01T16:15:00+01:00";2420.8333333333335;15
"1970-01-07T09:30:00+01:00";454.6;14
"1970-01-07T09:35:00+01:00";442.3333333333333;44
"1970-01-07T09:40:00+01:00";372;100
"1970-01-07T09:45:00+01:00";324.42857142857144;105
"1970-01-07T09:50:00+01:00";315;124
"1970-01-07T09:55:00+01:00";212.71428571428572;142
"1970-01-07T10:00:00+01:00";138;9
"1970-01-07T10:05:00+01:00";274.42857142857144;7
"1970-01-07T10:10:00+01:00";290.8333333333333;12
"1970-01-07T10:15:00+01:00";355.93333333333334;31
"1970-01-01T16:20:00+01:00";2428.9166666666665;18
"1970-01-07T10:20:00+01:00";393.625;35
"1970-01-07T10:25:00+01:00";401.85714285714283;39
"1970-01-07T10:30:00+01:00";365.2857142857143;85
"1970-01-07T10:35:00+01:00";312.55555555555554;85
"1970-01-07T10:40:00+01:00";340.55555555555554;98
"1970-01-07T10:45:00+01:00";284.0769230769231;130
"1970-01-07T10:50:00+01:00";248.44444444444446;35
"1970-01-07T10:55:00+01:00";289.1666666666667;47
"1970-01-07T11:00:00+01:00";248.66666666666666;51
"1970-01-07T11:05:00+01:00";221;50
"1970-01-01T16:25:00+01:00";2421.222222222222;41
"1970-01-07T11:10:00+01:00";168.33333333333334;36
"1970-01-07T11:15:00+01:00";149.6;4
"1970-01-07T11:20:00+01:00";150.625;10
"1970-01-07T11:25:00+01:00";155;13
"1970-01-07T11:30:00+01:00";236.9;14
"1970-01-07T11:35:00+01:00";353.9166666666667;34
"1970-01-07T11:40:00+01:00";340.8;40
"1970-01-07T11:45:00+01:00";282.375;60
"1970-01-07T11:50:00+01:00";283.72727272727275;34
"1970-01-07T11:55:00+01:00";311.45454545454544;19
"1970-01-01T16:30:00+01:00";2391.8888888888887;29
"1970-01-07T12:00:00+01:00";307.6666666666667;13
"1970-01-07T12:05:00+01:00";296.85714285714283;14
"1970-01-07T12:10:00+01:00";291;7
"1970-01-07T12:15:00+01:00";284.8;9
"1970-01-07T12:20:00+01:00";287.1666666666667;3
"1970-01-07T12:25:00+01:00";333.875;4
"1970-01-07T12:30:00+01:00";369.25;5
"1970-01-07T12:35:00+01:00";376.6666666666667;8
"1970-01-07T12:40:00+01:00";376.1;5
"1970-01-07T12:45:00+01:00";388.42857142857144;13
"1970-01-01T16:35:00+01:00";2354.4285714285716;40
"1970-01-07T12:50:00+01:00";382.2;3
"1970-01-07T12:55:00+01:00";380.3333333333333;9
"1970-01-07T13:00:00+01:00";376.5;3
"1970-01-07T13:05:00+01:00";387.8181818181818;4
"1970-01-07T13:10:00+01:00";392;5
"1970-01-07T13:15:00+01:00";444.9;7
"1970-01-07T13:20:00+01:00";566.2222222222222;16
"1970-01-07T13:25:00+01:00";567.0909090909091;23
"1970-01-07T13:30:00+01:00";562.8571428571429;8
"1970-01-07T13:35:00+01:00";753.4615384615385;13
"1970-01-01T16:40:00+01:00";2329.8;40
"1970-01-07T13:40:00+01:00";865.1666666666666;18
"1970-01-07T13:45:00+01:00";854.8;20
"1970-01-07T13:50:00+01:00";842.6666666666666;15
"1970-01-07T13:55:00+01:00";834.2;12
"1970-01-07T14:00:00+01:00";820.5;12
"1970-01-07T14:05:00+01:00";811.875;18
"1970-01-07T14:10:00+01:00";808.1;11
"1970-01-07T14:15:00+01:00";804.8181818181819;28
"1970-01-07T14:20:00+01:00";820.625;42
"1970-01-07T14:25:00+01:00";790.3333333333334;50
"1970-01-01T16:45:00+01:00";2281.5714285714284;59
"1970-01-07T14:30:00+01:00";737.3333333333334;69
"1970-01-07T14:35:00+01:00";683.8333333333334;20
"1970-01-07T14:40:00+01:00";686.4545454545455;18
"1970-01-07T14:45:00+01:00";675;22
"1970-01-07T14:50:00+01:00";641.8;52
"1970-01-07T14:55:00+01:00";570.1;101
"1970-01-07T15:00:00+01:00";498.7;81
"1970-01-07T15:05:00+01:00";446.6666666666667;44
"1970-01-07T15:10:00+01:00";448.5;30
"1970-01-07T15:15:00+01:00";465.5;32
"1970-01-01T02:35:00+01:00";3.5555555555555554;13
"1970-01-01T16:50:00+01:00";2235.3571428571427;79
"1970-01-07T15:20:00+01:00";551.8;29
"1970-01-07T15:25:00+01:00";529.625;33
"1970-01-07T15:30:00+01:00";483.25;44
"1970-01-07T15:35:00+01:00";451.7142857142857;45
"1970-01-07T15:40:00+01:00";413.45454545454544;53
"1970-01-07T15:45:00+01:00";354;73
"1970-01-07T15:50:00+01:00";262.8333333333333;95
"1970-01-07T15:55:00+01:00";197.85714285714286;54
"1970-01-07T16:00:00+01:00";138.8;63
"1970-01-07T16:05:00+01:00";68.16666666666667;95
"1970-01-01T16:55:00+01:00";2214.125;81
"1970-01-07T16:10:00+01:00";3.125;112
"1970-01-07T16:15:00+01:00";2;37
"1970-01-07T16:20:00+01:00";0;12
"1970-01-07T16:25:00+01:00";0.5;10
"1970-01-07T16:30:00+01:00";null;7
"1970-01-07T16:35:00+01:00";0.5;13
"1970-01-07T16:40:00+01:00";9;15
"1970-01-07T16:45:00+01:00";null;10
"1970-01-07T16:50:00+01:00";1;8
"1970-01-07T16:55:00+01:00";3.6666666666666665;8
"1970-01-01T17:00:00+01:00";2156.8;70
"1970-01-07T17:00:00+01:00";1.8;9
"1970-01-07T17:05:00+01:00";4;14
"1970-01-07T17:10:00+01:00";0.5;5
"1970-01-07T17:15:00+01:00";0.6666666666666666;8
"1970-01-07T17:20:00+01:00";6.888888888888889;15
"1970-01-07T17:25:00+01:00";10;3
"1970-01-07T17:30:00+01:00";39.75;58
"1970-01-07T17:35:00+01:00";4;73
"1970-01-07T17:40:00+01:00";1.6;4
"1970-01-07T17:45:00+01:00";null;12
"1970-01-01T17:05:00+01:00";2089.4285714285716;66
"1970-01-07T17:50:00+01:00";1;4
"1970-01-07T17:55:00+01:00";2.6;3
"1970-01-07T18:00:00+01:00";2;3
"1970-01-07T18:05:00+01:00";0.5714285714285714;7
"1970-01-07T18:10:00+01:00";3.75;9
"1970-01-07T18:15:00+01:00";1.5;18
"1970-01-07T18:20:00+01:00";9;14
"1970-01-07T18:25:00+01:00";5.888888888888889;17
"1970-01-07T18:30:00+01:00";2;10
"1970-01-07T18:35:00+01:00";1.75;6
"1970-01-01T17:10:00+01:00";2010.7142857142858;59
"1970-01-07T18:40:00+01:00";5.5;2
"1970-01-07T18:45:00+01:00";0.8571428571428571;4
"1970-01-07T18:50:00+01:00";4.142857142857143;7
"1970-01-07T18:55:00+01:00";68.88888888888889;96
"1970-01-07T19:00:00+01:00";12.75;96
"1970-01-07T19:05:00+01:00";3.3333333333333335;14
"1970-01-07T19:10:00+01:00";6;50
"1970-01-07T19:15:00+01:00";1.3333333333333333;10
"1970-01-07T19:20:00+01:00";4.166666666666667;4
"1970-01-07T19:25:00+01:00";121.11111111111111;62
"1970-01-01T17:15:00+01:00";1956.5;91
"1970-01-07T19:30:00+01:00";150.375;95
"1970-01-07T19:35:00+01:00";70.27272727272727;102
"1970-01-07T19:40:00+01:00";15.666666666666666;128
"1970-01-07T19:45:00+01:00";2;39
"1970-01-07T19:50:00+01:00";0.3333333333333333;32
"1970-01-07T19:55:00+01:00";1.5;23
"1970-01-07T20:00:00+01:00";0.75;21
"1970-01-07T20:05:00+01:00";0;17
"1970-01-07T20:10:00+01:00";1;9
"1970-01-07T20:15:00+01:00";4.25;15
"1970-01-01T17:20:00+01:00";1805.3333333333333;286
"1970-01-07T20:20:00+01:00";2.857142857142857;20
"1970-01-07T20:25:00+01:00";2.4;13
"1970-01-07T20:30:00+01:00";2.75;19
"1970-01-07T20:35:00+01:00";1.6666666666666667;12
"1970-01-07T20:40:00+01:00";3.5;5
"1970-01-07T20:45:00+01:00";0.75;9
"1970-01-07T20:50:00+01:00";3;9
"1970-01-07T20:55:00+01:00";0;7
"1970-01-07T21:00:00+01:00";6.428571428571429;11
"1970-01-07T21:05:00+01:00";1.6666666666666667;6
"1970-01-01T17:25:00+01:00";1530.5555555555557;453
"1970-01-07T21:10:00+01:00";1;3
"1970-01-07T21:15:00+01:00";3.25;1
"1970-01-07T21:20:00+01:00";0.6666666666666666;3
"1970-01-07T21:25:00+01:00";0.6666666666666666;8
"1970-01-07T21:30:00+01:00";5.5;21
"1970-01-07T21:35:00+01:00";5.545454545454546;37
"1970-01-07T21:40:00+01:00";17.666666666666668;44
"1970-01-07T21:45:00+01:00";1.375;7
"1970-01-07T21:50:00+01:00";0;19
"1970-01-07T21:55:00+01:00";3.25;17
"1970-01-01T17:30:00+01:00";1013.4285714285714;529
"1970-01-07T22:00:00+01:00";197.91666666666666;77
"1970-01-07T22:05:00+01:00";1064.25;545
"1970-01-07T22:10:00+01:00";535.8333333333334;539
"1970-01-07T22:15:00+01:00";115;396
"1970-01-07T22:20:00+01:00";null;9
"1970-01-07T22:25:00+01:00";225.6;7
"1970-01-07T22:30:00+01:00";348;7
"1970-01-07T22:35:00+01:00";334.25;22
"1970-01-07T22:40:00+01:00";321;11
"1970-01-07T22:45:00+01:00";324;4
"1970-01-01T17:35:00+01:00";438;447
"1970-01-07T22:50:00+01:00";326.2857142857143;7
"1970-01-07T22:55:00+01:00";330.2857142857143;8
"1970-01-07T23:00:00+01:00";347.22222222222223;6
"1970-01-07T23:05:00+01:00";385.1666666666667;6
"1970-01-07T23:10:00+01:00";390;1
"1970-01-07T23:15:00+01:00";397;null
"1970-01-07T23:20:00+01:00";403.6666666666667;3
"1970-01-07T23:25:00+01:00";402.75;8
"1970-01-07T23:30:00+01:00";410.4;8
"1970-01-07T23:35:00+01:00";431.1;8
"1970-01-01T01:10:00+01:00";33.18181818181818;6
"1970-01-01T02:40:00+01:00";2.1666666666666665;14
"1970-01-01T17:40:00+01:00";280;21
"1970-01-07T23:40:00+01:00";441.625;5
"1970-01-07T23:45:00+01:00";443.75;1
"1970-01-07T23:50:00+01:00";453.3333333333333;2
"1970-01-07T23:55:00+01:00";455.77777777777777;4
"1970-01-08T00:00:00+01:00";468;1
"1970-01-08T00:05:00+01:00";479.1666666666667;4
"1970-01-08T00:10:00+01:00";494.125;4
"1970-01-08T00:15:00+01:00";496.5;11
"1970-01-08T00:20:00+01:00";515.5555555555555;6
"1970-01-08T00:25:00+01:00";526;1
"1970-01-01T17:45:00+01:00";279.57142857142856;26
"1970-01-08T00:30:00+01:00";543.8571428571429;11
"1970-01-08T00:35:00+01:00";541;11
"1970-01-08T00:40:00+01:00";531.6;6
"1970-01-08T00:45:00+01:00";535.875;8
"1970-01-08T00:50:00+01:00";534.5;8
"1970-01-08T00:55:00+01:00";531.5714285714286;7
"1970-01-08T01:00:00+01:00";525.5;4
"1970-01-08T01:05:00+01:00";522;5
"1970-01-08T01:10:00+01:00";518;4
"1970-01-08T01:15:00+01:00";512.5;1
"1970-01-01T17:50:00+01:00";280.2;12
"1970-01-08T01:20:00+01:00";508.6666666666667;7
"1970-01-08T01:25:00+01:00";498.3333333333333;9
"1970-01-08T01:30:00+01:00";493.5;10
"1970-01-08T01:35:00+01:00";485.4;6
"1970-01-08T01:40:00+01:00";479.4;5
"1970-01-08T01:45:00+01:00";472.75;10
"1970-01-08T01:50:00+01:00";463.6;13
"1970-01-08T01:55:00+01:00";444.4;27
"1970-01-08T02:00:00+01:00";414.8;36
"1970-01-08T02:05:00+01:00";382.8;17
"1970-01-01T17:55:00+01:00";277.7142857142857;18
"1970-01-08T02:10:00+01:00";370;9
"1970-01-08T02:15:00+01:00";363;3
"1970-01-08T02:20:00+01:00";356.3333333333333;11
"1970-01-08T02:25:00+01:00";348.5;8
"1970-01-08T02:30:00+01:00";340.25;9
"1970-01-08T02:35:00+01:00";326;17
"1970-01-08T02:40:00+01:00";312.25;10
"1970-01-08T02:45:00+01:00";303.8;8
"1970-01-08T02:50:00+01:00";296;14
"1970-01-08T02:55:00+01:00";281.6;10
"1970-01-01T18:00:00+01:00";277;11
"1970-01-08T03:00:00+01:00";270.2;18
"1970-01-08T03:05:00+01:00";246;32
"1970-01-08T03:10:00+01:00";208.2;48
"1970-01-08T03:15:00+01:00";156;53
"1970-01-08T03:20:00+01:00";109;28
"1970-01-08T03:25:00+01:00";88.8;22
"1970-01-08T03:30:00+01:00";67;27
"1970-01-08T03:35:00+01:00";29.4;49
"1970-01-08T03:40:00+01:00";1;44
"1970-01-08T03:45:00+01:00";null;8
"1970-01-01T18:05:00+01:00";288.1111111111111;9
"1970-01-08T03:50:00+01:00";null;8
"1970-01-08T03:55:00+01:00";null;7
"1970-01-08T04:00:00+01:00";null;13
"1970-01-08T04:05:00+01:00";null;2
"1970-01-08T04:10:00+01:00";null;9
"1970-01-08T04:15:00+01:00";null;9
"1970-01-08T04:20:00+01:00";null;13
"1970-01-08T04:25:00+01:00";null;21
"1970-01-08T04:30:00+01:00";null;20
"1970-01-08T04:35:00+01:00";null;1
"1970-01-01T18:10:00+01:00";295;12
"1970-01-08T04:40:00+01:00";null;3
"1970-01-08T04:45:00+01:00";null;7
"1970-01-08T04:50:00+01:00";null;7
"1970-01-08T04:55:00+01:00";null;1
"1970-01-08T05:00:00+01:00";null;1
"1970-01-08T05:05:00+01:00";null;12
"1970-01-08T05:10:00+01:00";null;8
"1970-01-08T05:15:00+01:00";null;4
"1970-01-08T05:20:00+01:00";null;6
"1970-01-08T05:25:00+01:00";null;4
"1970-01-01T18:15:00+01:00";295.6;10
"1970-01-08T05:30:00+01:00";null;1
"1970-01-08T05:35:00+01:00";null;7
"1970-01-08T05:40:00+01:00";null;6
"1970-01-08T05:45:00+01:00";null;3
"1970-01-08T05:50:00+01:00";null;6
"1970-01-08T05:55:00+01:00";null;13
"1970-01-08T06:00:00+01:00";null;8
"1970-01-08T06:05:00+01:00";null;7
"1970-01-08T06:10:00+01:00";null;11
"1970-01-08T06:15:00+01:00";null;6
"1970-01-01T18:20:00+01:00";289.6666666666667;12
"1970-01-08T06:20:00+01:00";null;6
"1970-01-08T06:25:00+01:00";null;11
"1970-01-08T06:30:00+01:00";null;7
"1970-01-08T06:35:00+01:00";null;14
"1970-01-08T06:40:00+01:00";null;11
"1970-01-08T06:45:00+01:00";null;11
"1970-01-08T06:50:00+01:00";null;12
"1970-01-08T06:55:00+01:00";null;15
"1970-01-08T07:00:00+01:00";null;8
"1970-01-08T07:05:00+01:00";null;11
"1970-01-01T18:25:00+01:00";255.4;107
"1970-01-08T07:10:00+01:00";null;4
"1970-01-08T07:15:00+01:00";null;8
"1970-01-08T07:20:00+01:00";null;9
"1970-01-08T07:25:00+01:00";null;5
"1970-01-08T07:30:00+01:00";null;3
"1970-01-08T07:35:00+01:00";null;4
"1970-01-08T07:40:00+01:00";null;4
"1970-01-08T07:45:00+01:00";null;2
"1970-01-08T07:50:00+01:00";null;4
"1970-01-08T07:55:00+01:00";null;1
"1970-01-01T02:45:00+01:00";5.454545454545454;20
"1970-01-01T18:30:00+01:00";144.83333333333334;90
"1970-01-08T08:00:00+01:00";null;null
"1970-01-08T08:05:00+01:00";null;null
"1970-01-08T08:10:00+01:00";null;null
"1970-01-08T08:15:00+01:00";null;4
"1970-01-08T08:20:00+01:00";null;7
"1970-01-08T08:25:00+01:00";null;6
"1970-01-08T08:30:00+01:00";null;2
"1970-01-08T08:35:00+01:00";null;5
"1970-01-08T08:40:00+01:00";null;2
"1970-01-08T08:45:00+01:00";null;3
"1970-01-01T18:35:00+01:00";67.8;67
"1970-01-08T08:50:00+01:00";null;3
"1970-01-08T08:55:00+01:00";null;2
"1970-01-08T09:00:00+01:00";null;null
"1970-01-08T09:05:00+01:00";null;2
"1970-01-08T09:10:00+01:00";null;1
"1970-01-08T09:15:00+01:00";null;2
"1970-01-08T09:20:00+01:00";null;1
"1970-01-08T09:25:00+01:00";null;2
"1970-01-08T09:30:00+01:00";null;1
"1970-01-08T09:35:00+01:00";null;null
"1970-01-01T18:40:00+01:00";32.666666666666664;27
"1970-01-08T09:40:00+01:00";null;null
"1970-01-08T09:45:00+01:00";null;null
"1970-01-08T09:50:00+01:00";null;null
"1970-01-08T09:55:00+01:00";null;1
"1970-01-08T10:00:00+01:00";null;null
"1970-01-08T10:05:00+01:00";null;null
"1970-01-08T10:10:00+01:00";null;null
"1970-01-08T10:15:00+01:00";null;null
"1970-01-08T10:20:00+01:00";null;null
"1970-01-08T10:25:00+01:00";null;null
"1970-01-01T18:45:00+01:00";19.142857142857142;26
"1970-01-08T10:30:00+01:00";null;null
"1970-01-08T10:35:00+01:00";null;null
"1970-01-08T10:40:00+01:00";null;null
"1970-01-08T10:45:00+01:00";null;null
"1970-01-08T10:50:00+01:00";null;null
"1970-01-08T10:55:00+01:00";null;1
"1970-01-08T11:00:00+01:00";null;1
"1970-01-08T11:05:00+01:00";null;null
"1970-01-08T11:10:00+01:00";null;null
"1970-01-08T11:15:00+01:00";null;null
"1970-01-01T18:50:00+01:00";2.5;29
"1970-01-08T11:20:00+01:00";null;null
"1970-01-08T11:25:00+01:00";null;null
"1970-01-08T11:30:00+01:00";null;1
"1970-01-08T11:35:00+01:00";null;null
"1970-01-08T11:40:00+01:00";null;null
"1970-01-08T11:45:00+01:00";null;null
"1970-01-08T11:50:00+01:00";null;null
"1970-01-08T11:55:00+01:00";null;1
"1970-01-08T12:00:00+01:00";null;null
"1970-01-08T12:05:00+01:00";null;null
"1970-01-01T18:55:00+01:00";2.25;22
"1970-01-08T12:10:00+01:00";null;null
"1970-01-08T12:15:00+01:00";null;null
"1970-01-08T12:20:00+01:00";null;null
"1970-01-08T12:25:00+01:00";null;null
"1970-01-08T12:30:00+01:00";null;null
"1970-01-08T12:35:00+01:00";null;null
"1970-01-08T12:40:00+01:00";null;null
"1970-01-08T12:45:00+01:00";null;null
"1970-01-08T12:50:00+01:00";null;null
"1970-01-08T12:55:00+01:00";null;null
"1970-01-01T19:00:00+01:00";0.5;16
"1970-01-08T13:00:00+01:00";null;null
"1970-01-08T13:05:00+01:00";null;null
"1970-01-08T13:10:00+01:00";null;null
"1970-01-08T13:15:00+01:00";null;1
"1970-01-08T13:20:00+01:00";null;null
"1970-01-08T13:25:00+01:00";null;null
"1970-01-08T13:30:00+01:00";null;null
"1970-01-08T13:35:00+01:00";null;null
"1970-01-08T13:40:00+01:00";null;null
"1970-01-08T13:45:00+01:00";null;null
"1970-01-01T19:05:00+01:00";0.6666666666666666;8
"1970-01-08T13:50:00+01:00";null;null
"1970-01-08T13:55:00+01:00";null;null
"1970-01-08T14:00:00+01:00";null;null
"1970-01-08T14:05:00+01:00";null;null
"1970-01-08T14:10:00+01:00";null;null
"1970-01-08T14:15:00+01:00";null;null
"1970-01-08T14:20:00+01:00";null;null
"1970-01-08T14:25:00+01:00";null;null
"1970-01-08T14:30:00+01:00";null;null
"1970-01-08T14:35:00+01:00";null;null
"1970-01-01T19:10:00+01:00";5.5;25
"1970-01-08T14:40:00+01:00";null;null
"1970-01-08T14:45:00+01:00";null;null
"1970-01-08T14:50:00+01:00";null;null
"1970-01-08T14:55:00+01:00";null;null
"1970-01-08T15:00:00+01:00";null;null
"1970-01-08T15:05:00+01:00";null;null
"1970-01-08T15:10:00+01:00";null;null
"1970-01-08T15:15:00+01:00";null;null
"1970-01-08T15:20:00+01:00";null;null
"1970-01-08T15:25:00+01:00";null;null
"1970-01-01T19:15:00+01:00";10;45
"1970-01-08T15:30:00+01:00";null;null
"1970-01-08T15:35:00+01:00";null;null
"1970-01-08T15:40:00+01:00";null;null
"1970-01-08T15:45:00+01:00";null;null
"1970-01-08T15:50:00+01:00";null;null
"1970-01-08T15:55:00+01:00";null;null
"1970-01-08T16:00:00+01:00";null;null
"1970-01-08T16:05:00+01:00";null;null
"1970-01-08T16:10:00+01:00";null;null
"1970-01-08T16:15:00+01:00";null;null
"1970-01-01T02:50:00+01:00";7;7
"1970-01-01T19:20:00+01:00";9.5;72
"1970-01-08T16:20:00+01:00";null;null
"1970-01-08T16:25:00+01:00";null;null
"1970-01-08T16:30:00+01:00";null;null
"1970-01-08T16:35:00+01:00";null;null
"1970-01-08T16:40:00+01:00";null;null
"1970-01-08T16:45:00+01:00";null;null
"1970-01-08T16:50:00+01:00";null;null
"1970-01-08T16:55:00+01:00";null;null
"1970-01-08T17:00:00+01:00";null;null
"1970-01-08T17:05:00+01:00";null;null
"1970-01-01T19:25:00+01:00";4.333333333333333;34
"1970-01-08T17:10:00+01:00";null;null
"1970-01-08T17:15:00+01:00";null;null
"1970-01-08T17:20:00+01:00";null;null
"1970-01-08T17:25:00+01:00";null;null
"1970-01-08T17:30:00+01:00";null;null
"1970-01-08T17:35:00+01:00";null;null
"1970-01-08T17:40:00+01:00";null;null
"1970-01-08T17:45:00+01:00";null;null
"1970-01-08T17:50:00+01:00";null;null
"1970-01-08T17:55:00+01:00";null;null
"1970-01-01T19:30:00+01:00";2.375;22
"1970-01-08T18:00:00+01:00";null;null
"1970-01-08T18:05:00+01:00";null;null
"1970-01-08T18:10:00+01:00";null;null
"1970-01-08T18:15:00+01:00";null;null
"1970-01-08T18:20:00+01:00";null;null
"1970-01-08T18:25:00+01:00";null;null
"1970-01-08T18:30:00+01:00";null;null
"1970-01-08T18:35:00+01:00";null;null
"1970-01-08T18:40:00+01:00";null;null
"1970-01-08T18:45:00+01:00";null;null
"1970-01-01T19:35:00+01:00";21.615384615384617;67
"1970-01-08T18:50:00+01:00";null;null
"1970-01-08T18:55:00+01:00";null;null
"1970-01-08T19:00:00+01:00";null;null
"1970-01-08T19:05:00+01:00";null;null
"1970-01-08T19:10:00+01:00";null;null
"1970-01-08T19:15:00+01:00";null;null
"1970-01-08T19:20:00+01:00";null;null
"1970-01-08T19:25:00+01:00";null;null
"1970-01-08T19:30:00+01:00";null;null
"1970-01-08T19:35:00+01:00";null;null
"1970-01-01T19:40:00+01:00";52.22222222222222;24
"1970-01-08T19:40:00+01:00";null;null
"1970-01-08T19:45:00+01:00";null;null
"1970-01-08T19:50:00+01:00";null;null
"1970-01-08T19:55:00+01:00";null;null
"1970-01-08T20:00:00+01:00";null;null
"1970-01-08T20:05:00+01:00";null;null
"1970-01-08T20:10:00+01:00";null;null
"1970-01-08T20:15:00+01:00";null;null
"1970-01-08T20:20:00+01:00";null;null
"1970-01-08T20:25:00+01:00";null;null
"1970-01-01T19:45:00+01:00";54.2;7
"1970-01-08T20:30:00+01:00";null;null
"1970-01-08T20:35:00+01:00";null;null
"1970-01-08T20:40:00+01:00";null;null
"1970-01-08T20:45:00+01:00";null;null
"1970-01-08T20:50:00+01:00";null;null
"1970-01-08T20:55:00+01:00";null;null
"1970-01-08T21:00:00+01:00";null;null
"1970-01-08T21:05:00+01:00";null;null
"1970-01-08T21:10:00+01:00";null;null
"1970-01-08T21:15:00+01:00";null;null
"1970-01-01T19:50:00+01:00";71;2
"1970-01-08T21:20:00+01:00";null;null
"1970-01-08T21:25:00+01:00";null;null
"1970-01-08T21:30:00+01:00";null;null
"1970-01-08T21:35:00+01:00";null;null
"1970-01-08T21:40:00+01:00";null;null
"1970-01-08T21:45:00+01:00";null;null
"1970-01-08T21:50:00+01:00";null;null
"1970-01-08T21:55:00+01:00";null;null
"1970-01-08T22:00:00+01:00";null;null
"1970-01-08T22:05:00+01:00";null;null
"1970-01-01T19:55:00+01:00";81;14
"1970-01-08T22:10:00+01:00";null;null
"1970-01-08T22:15:00+01:00";null;null
"1970-01-08T22:20:00+01:00";null;null
"1970-01-08T22:25:00+01:00";null;null
"1970-01-08T22:30:00+01:00";null;null
"1970-01-08T22:35:00+01:00";null;null
"1970-01-08T22:40:00+01:00";null;null
"1970-01-08T22:45:00+01:00";null;null
"1970-01-08T22:50:00+01:00";null;null
"1970-01-08T22:55:00+01:00";null;null
"1970-01-01T20:00:00+01:00";77;25
"1970-01-08T23:00:00+01:00";null;null
"1970-01-08T23:05:00+01:00";null;null
"1970-01-08T23:10:00+01:00";null;null
"1970-01-08T23:15:00+01:00";null;null
"1970-01-08T23:20:00+01:00";null;null
"1970-01-08T23:25:00+01:00";null;null
"1970-01-08T23:30:00+01:00";null;null
"1970-01-08T23:35:00+01:00";null;null
"1970-01-08T23:40:00+01:00";null;null
"1970-01-08T23:45:00+01:00";null;null
"1970-01-01T20:05:00+01:00";56;19
"1970-01-08T23:50:00+01:00";null;null
"1970-01-08T23:55:00+01:00";null;null
"1970-01-01T02:55:00+01:00";7.545454545454546;16
"1970-01-01T20:10:00+01:00";62.142857142857146;14
"1970-01-01T20:15:00+01:00";62.4;17
"1970-01-01T20:20:00+01:00";90.6;28
"1970-01-01T20:25:00+01:00";82.71428571428571;20
"1970-01-01T20:30:00+01:00";87.5;18
"1970-01-01T20:35:00+01:00";101.875;19
"1970-01-01T20:40:00+01:00";92;13
"1970-01-01T20:45:00+01:00";98;33
"1970-01-01T20:50:00+01:00";64.33333333333333;34
"1970-01-01T20:55:00+01:00";143.5;33
"1970-01-01T03:00:00+01:00";null;45
"1970-01-01T21:00:00+01:00";150.75;24
"1970-01-01T21:05:00+01:00";123.22222222222223;39
"1970-01-01T21:10:00+01:00";122.42857142857143;20
"1970-01-01T21:15:00+01:00";107.71428571428571;27
"1970-01-01T21:20:00+01:00";104.77777777777777;20
"1970-01-01T21:25:00+01:00";101.75;13
"1970-01-01T21:30:00+01:00";97.25;13
"1970-01-01T21:35:00+01:00";82.4;15
"1970-01-01T21:40:00+01:00";105.16666666666667;23
"1970-01-01T21:45:00+01:00";411.3333333333333;35
"1970-01-01T03:05:00+01:00";2.5;5
"1970-01-01T21:50:00+01:00";493.1;37
"1970-01-01T21:55:00+01:00";470.85714285714283;41
"1970-01-01T22:00:00+01:00";442;51
"1970-01-01T22:05:00+01:00";385.3333333333333;73
"1970-01-01T22:10:00+01:00";324;116
"1970-01-01T22:15:00+01:00";204;193
"1970-01-01T22:20:00+01:00";121.875;112
"1970-01-01T22:25:00+01:00";113.375;57
"1970-01-01T22:30:00+01:00";141.63636363636363;39
"1970-01-01T22:35:00+01:00";140.33333333333334;30
"1970-01-01T03:10:00+01:00";8.166666666666666;4
"1970-01-01T22:40:00+01:00";140.5;48
"1970-01-01T22:45:00+01:00";117.77777777777777;16
"1970-01-01T22:50:00+01:00";115.83333333333333;5
"1970-01-01T22:55:00+01:00";128;6
"1970-01-01T23:00:00+01:00";172.25;8
"1970-01-01T23:05:00+01:00";215.66666666666666;3
"1970-01-01T23:10:00+01:00";225.5;6
"1970-01-01T23:15:00+01:00";214.11111111111111;19
"1970-01-01T23:20:00+01:00";234.66666666666666;2
"1970-01-01T23:25:00+01:00";238;2
"1970-01-01T03:15:00+01:00";1.5555555555555556;14
"1970-01-01T23:30:00+01:00";237.66666666666666;2
"1970-01-01T23:35:00+01:00";237.8;10
"1970-01-01T23:40:00+01:00";238.11111111111111;10
"1970-01-01T23:45:00+01:00";238.83333333333334;19
"1970-01-01T23:50:00+01:00";449.9;25
"1970-01-01T23:55:00+01:00";465.8333333333333;21
"1970-01-02T00:00:00+01:00";458.8;24
"1970-01-02T00:05:00+01:00";437.6;28
"1970-01-02T00:10:00+01:00";400;37
"1970-01-02T00:15:00+01:00";390;8
"1970-01-01T03:20:00+01:00";6.2;59
"1970-01-02T00:20:00+01:00";381.57142857142856;11
"1970-01-02T00:25:00+01:00";384;4
"1970-01-02T00:30:00+01:00";393.4;11
"1970-01-02T00:35:00+01:00";396.7142857142857;9
"1970-01-02T00:40:00+01:00";409.4;34
"1970-01-02T00:45:00+01:00";383.1666666666667;30
"1970-01-02T00:50:00+01:00";351.14285714285717;39
"1970-01-02T00:55:00+01:00";307.1111111111111;81
"1970-01-02T01:00:00+01:00";212;114
"1970-01-02T01:05:00+01:00";212.3;76
"1970-01-01T03:25:00+01:00";8.2;15
"1970-01-02T01:10:00+01:00";213.77777777777777;22
"1970-01-02T01:15:00+01:00";190.875;36
"1970-01-02T01:20:00+01:00";289.6666666666667;28
"1970-01-02T01:25:00+01:00";302.5;15
"1970-01-02T01:30:00+01:00";296.9230769230769;69
"1970-01-02T01:35:00+01:00";255.125;89
"1970-01-02T01:40:00+01:00";186.875;38
"1970-01-02T01:45:00+01:00";167.5;7
"1970-01-02T01:50:00+01:00";161.6;4
"1970-01-02T01:55:00+01:00";153.875;35
"1970-01-01T01:15:00+01:00";3.7142857142857144;84
"1970-01-01T03:30:00+01:00";1;28
"1970-01-02T02:00:00+01:00";142.23076923076923;41
"1970-01-02T02:05:00+01:00";137.9;23
"1970-01-02T02:10:00+01:00";155.875;28
"1970-01-02T02:15:00+01:00";134.55555555555554;61
"1970-01-02T02:20:00+01:00";74.28571428571429;74
"1970-01-02T02:25:00+01:00";21.6;50
"1970-01-02T02:30:00+01:00";2.6;53
"1970-01-02T02:35:00+01:00";8.454545454545455;24
"1970-01-02T02:40:00+01:00";4.333333333333333;37
"1970-01-02T02:45:00+01:00";1.3333333333333333;22
"1970-01-01T03:35:00+01:00";2.5;4
"1970-01-02T02:50:00+01:00";5.571428571428571;31
"1970-01-02T02:55:00+01:00";0;39
"1970-01-02T03:00:00+01:00";null;25
"1970-01-02T03:05:00+01:00";3.6666666666666665;16
"1970-01-02T03:10:00+01:00";6;28
"1970-01-02T03:15:00+01:00";5.090909090909091;22
"1970-01-02T03:20:00+01:00";1.6666666666666667;44
"1970-01-02T03:25:00+01:00";1;14
"1970-01-02T03:30:00+01:00";2;10
"1970-01-02T03:35:00+01:00";0;38
"1970-01-01T03:40:00+01:00";2.4285714285714284;6
"1970-01-02T03:40:00+01:00";63.5;66
"1970-01-02T03:45:00+01:00";35.5;178
"1970-01-02T03:50:00+01:00";null;73
"1970-01-02T03:55:00+01:00";1.5;11
"1970-01-02T04:00:00+01:00";4;2
"1970-01-02T04:05:00+01:00";4.2;1
"1970-01-02T04:10:00+01:00";0.8;8
"1970-01-02T04:15:00+01:00";1.3;5
"1970-01-02T04:20:00+01:00";null;18
"1970-01-02T04:25:00+01:00";24.375;15
"1970-01-01T03:45:00+01:00";7.333333333333333;10
"1970-01-02T04:30:00+01:00";3.6666666666666665;31
"1970-01-02T04:35:00+01:00";3.2;75
"1970-01-02T04:40:00+01:00";3.111111111111111;11
"1970-01-02T04:45:00+01:00";1;17